80.4,6
80.6,6
80.2,6.2
80.4,6.2
80.6,6.2
80.8,6.2
81,6.2
81.2,6.2
80,6.4
80.2,6.4
80.4,6.4
80.6,6.4
80.8,6.4
81,6.4
81.2,6.4
81.4,6.4
81.6,6.4
80,6.6
80.2,6.6
80.4,6.6
80.6,6.6
80.8,6.6
81,6.6
81.2,6.6
81.4,6.6
81.6,6.6
80,6.8
80.2,6.8
80.4,6.8
80.6,6.8
80.8,6.8
81,6.8
81.2,6.8
81.4,6.8
81.6,6.8
81.8,6.8
93.8,6.8
80,7
80.2,7
80.4,7
80.6,7
80.8,7
81,7
81.2,7
81.4,7
81.6,7
81.8,7
93.8,7
80,7.2
80.2,7.2
80.4,7.2
80.6,7.2
80.8,7.2
81,7.2
81.2,7.2
81.4,7.2
81.6,7.2
81.8,7.2
93.8,7.2
80,7.4
80.2,7.4
80.4,7.4
80.6,7.4
80.8,7.4
81,7.4
81.2,7.4
81.4,7.4
81.6,7.4
81.8,7.4
79.8,7.6
80,7.6
80.2,7.6
80.4,7.6
80.6,7.6
80.8,7.6
81,7.6
81.2,7.6
81.4,7.6
81.6,7.6
79.8,7.8
80,7.8
80.2,7.8
80.4,7.8
80.6,7.8
80.8,7.8
81,7.8
81.2,7.8
81.4,7.8
81.6,7.8
80,8
80.2,8
80.4,8
80.6,8
80.8,8
81,8
81.2,8
81.4,8
93.4,8
77.4,8.2
77.6,8.2
80,8.2
80.2,8.2
80.4,8.2
80.6,8.2
80.8,8.2
81,8.2
81.2,8.2
81.4,8.2
77,8.4
77.2,8.4
77.4,8.4
77.6,8.4
77.8,8.4
78,8.4
80,8.4
80.2,8.4
80.4,8.4
80.6,8.4
80.8,8.4
81,8.4
81.2,8.4
77,8.6
77.2,8.6
77.4,8.6
77.6,8.6
77.8,8.6
78,8.6
80,8.6
80.2,8.6
80.4,8.6
80.6,8.6
80.8,8.6
81,8.6
81.2,8.6
76.8,8.8
77,8.8
77.2,8.8
77.4,8.8
77.6,8.8
77.8,8.8
78,8.8
80,8.8
80.2,8.8
80.4,8.8
80.6,8.8
80.8,8.8
81,8.8
76.6,9
76.8,9
77,9
77.2,9
77.4,9
77.6,9
77.8,9
78,9
78.2,9
80.2,9
80.4,9
80.6,9
80.8,9
76.6,9.2
76.8,9.2
77,9.2
77.2,9.2
77.4,9.2
77.6,9.2
77.8,9.2
78,9.2
78.2,9.2
78.4,9.2
78.6,9.2
79.4,9.2
80.2,9.2
80.4,9.2
80.6,9.2
80.8,9.2
92.8,9.2
76.4,9.4
76.6,9.4
76.8,9.4
77,9.4
77.2,9.4
77.4,9.4
77.6,9.4
77.8,9.4
78,9.4
78.2,9.4
78.4,9.4
78.6,9.4
78.8,9.4
80.2,9.4
80.4,9.4
80.6,9.4
76.6,9.6
76.8,9.6
77,9.6
77.2,9.6
77.4,9.6
77.6,9.6
77.8,9.6
78,9.6
78.2,9.6
78.4,9.6
78.6,9.6
78.8,9.6
76.6,9.8
76.8,9.8
77,9.8
77.2,9.8
77.4,9.8
77.6,9.8
77.8,9.8
78,9.8
78.2,9.8
78.4,9.8
78.6,9.8
78.8,9.8
79,9.8
80,9.8
80.2,9.8
76.4,10
76.6,10
76.8,10
77,10
77.2,10
77.4,10
77.6,10
77.8,10
78,10
78.2,10
78.4,10
78.6,10
78.8,10
79,10
79.2,10
76.2,10.2
76.4,10.2
76.6,10.2
76.8,10.2
77,10.2
77.2,10.2
77.4,10.2
77.6,10.2
77.8,10.2
78,10.2
78.2,10.2
78.4,10.2
78.6,10.2
78.8,10.2
79,10.2
79.2,10.2
76.2,10.4
76.4,10.4
76.6,10.4
76.8,10.4
77,10.4
77.2,10.4
77.4,10.4
77.6,10.4
77.8,10.4
78,10.4
78.2,10.4
78.4,10.4
78.6,10.4
78.8,10.4
79,10.4
79.2,10.4
79.4,10.4
79.6,10.4
79.8,10.4
76,10.6
76.2,10.6
76.4,10.6
76.6,10.6
76.8,10.6
77,10.6
77.2,10.6
77.4,10.6
77.6,10.6
77.8,10.6
78,10.6
78.2,10.6
78.4,10.6
78.6,10.6
78.8,10.6
79,10.6
79.2,10.6
79.4,10.6
79.6,10.6
79.8,10.6
92.4,10.6
76,10.8
76.2,10.8
76.4,10.8
76.6,10.8
76.8,10.8
77,10.8
77.2,10.8
77.4,10.8
77.6,10.8
77.8,10.8
78,10.8
78.2,10.8
78.4,10.8
78.6,10.8
78.8,10.8
79,10.8
79.2,10.8
79.4,10.8
79.6,10.8
79.8,10.8
92.4,10.8
76,11
76.2,11
76.4,11
76.6,11
76.8,11
77,11
77.2,11
77.4,11
77.6,11
77.8,11
78,11
78.2,11
78.4,11
78.6,11
78.8,11
79,11
79.2,11
79.4,11
79.6,11
79.8,11
75.8,11.2
76,11.2
76.2,11.2
76.4,11.2
76.6,11.2
76.8,11.2
77,11.2
77.2,11.2
77.4,11.2
77.6,11.2
77.8,11.2
78,11.2
78.2,11.2
78.4,11.2
78.6,11.2
78.8,11.2
79,11.2
79.2,11.2
79.4,11.2
79.6,11.2
79.8,11.2
75.8,11.4
76,11.4
76.2,11.4
76.4,11.4
76.6,11.4
76.8,11.4
77,11.4
77.2,11.4
77.4,11.4
77.6,11.4
77.8,11.4
78,11.4
78.2,11.4
78.4,11.4
78.6,11.4
78.8,11.4
79,11.4
79.2,11.4
79.4,11.4
79.6,11.4
75.6,11.6
75.8,11.6
76,11.6
76.2,11.6
76.4,11.6
76.6,11.6
76.8,11.6
77,11.6
77.2,11.6
77.4,11.6
77.6,11.6
77.8,11.6
78,11.6
78.2,11.6
78.4,11.6
78.6,11.6
78.8,11.6
79,11.6
79.2,11.6
79.4,11.6
79.6,11.6
75.6,11.8
75.8,11.8
76,11.8
76.2,11.8
76.4,11.8
76.6,11.8
76.8,11.8
77,11.8
77.2,11.8
77.4,11.8
77.6,11.8
77.8,11.8
78,11.8
78.2,11.8
78.4,11.8
78.6,11.8
78.8,11.8
79,11.8
79.2,11.8
79.4,11.8
79.6,11.8
79.8,11.8
92.6,11.8
75.4,12
75.6,12
75.8,12
76,12
76.2,12
76.4,12
76.6,12
76.8,12
77,12
77.2,12
77.4,12
77.6,12
77.8,12
78,12
78.2,12
78.4,12
78.6,12
78.8,12
79,12
79.2,12
79.4,12
79.6,12
79.8,12
75.2,12.2
75.4,12.2
75.6,12.2
75.8,12.2
76,12.2
76.2,12.2
76.4,12.2
76.6,12.2
76.8,12.2
77,12.2
77.2,12.2
77.4,12.2
77.6,12.2
77.8,12.2
78,12.2
78.2,12.2
78.4,12.2
78.6,12.2
78.8,12.2
79,12.2
79.2,12.2
79.4,12.2
79.6,12.2
79.8,12.2
92.8,12.2
75.2,12.4
75.4,12.4
75.6,12.4
75.8,12.4
76,12.4
76.2,12.4
76.4,12.4
76.6,12.4
76.8,12.4
77,12.4
77.2,12.4
77.4,12.4
77.6,12.4
77.8,12.4
78,12.4
78.2,12.4
78.4,12.4
78.6,12.4
78.8,12.4
79,12.4
79.2,12.4
79.4,12.4
79.6,12.4
79.8,12.4
80,12.4
92.8,12.4
75,12.6
75.2,12.6
75.4,12.6
75.6,12.6
75.8,12.6
76,12.6
76.2,12.6
76.4,12.6
76.6,12.6
76.8,12.6
77,12.6
77.2,12.6
77.4,12.6
77.6,12.6
77.8,12.6
78,12.6
78.2,12.6
78.4,12.6
78.6,12.6
78.8,12.6
79,12.6
79.2,12.6
79.4,12.6
79.6,12.6
79.8,12.6
80,12.6
80.2,12.6
92.8,12.6
75,12.8
75.2,12.8
75.4,12.8
75.6,12.8
75.8,12.8
76,12.8
76.2,12.8
76.4,12.8
76.6,12.8
76.8,12.8
77,12.8
77.2,12.8
77.4,12.8
77.6,12.8
77.8,12.8
78,12.8
78.2,12.8
78.4,12.8
78.6,12.8
78.8,12.8
79,12.8
79.2,12.8
79.4,12.8
79.6,12.8
79.8,12.8
80,12.8
80.2,12.8
92.8,12.8
74.8,13
75,13
75.2,13
75.4,13
75.6,13
75.8,13
76,13
76.2,13
76.4,13
76.6,13
76.8,13
77,13
77.2,13
77.4,13
77.6,13
77.8,13
78,13
78.2,13
78.4,13
78.6,13
78.8,13
79,13
79.2,13
79.4,13
79.6,13
79.8,13
80,13
80.2,13
74.8,13.2
75,13.2
75.2,13.2
75.4,13.2
75.6,13.2
75.8,13.2
76,13.2
76.2,13.2
76.4,13.2
76.6,13.2
76.8,13.2
77,13.2
77.2,13.2
77.4,13.2
77.6,13.2
77.8,13.2
78,13.2
78.2,13.2
78.4,13.2
78.6,13.2
78.8,13.2
79,13.2
79.2,13.2
79.4,13.2
79.6,13.2
79.8,13.2
80,13.2
80.2,13.2
93,13.2
74.8,13.4
75,13.4
75.2,13.4
75.4,13.4
75.6,13.4
75.8,13.4
76,13.4
76.2,13.4
76.4,13.4
76.6,13.4
76.8,13.4
77,13.4
77.2,13.4
77.4,13.4
77.6,13.4
77.8,13.4
78,13.4
78.2,13.4
78.4,13.4
78.6,13.4
78.8,13.4
79,13.4
79.2,13.4
79.4,13.4
79.6,13.4
79.8,13.4
80,13.4
80.2,13.4
93,13.4
74.8,13.6
75,13.6
75.2,13.6
75.4,13.6
75.6,13.6
75.8,13.6
76,13.6
76.2,13.6
76.4,13.6
76.6,13.6
76.8,13.6
77,13.6
77.2,13.6
77.4,13.6
77.6,13.6
77.8,13.6
78,13.6
78.2,13.6
78.4,13.6
78.6,13.6
78.8,13.6
79,13.6
79.2,13.6
79.4,13.6
79.6,13.6
79.8,13.6
80,13.6
74.8,13.8
75,13.8
75.2,13.8
75.4,13.8
75.6,13.8
75.8,13.8
76,13.8
76.2,13.8
76.4,13.8
76.6,13.8
76.8,13.8
77,13.8
77.2,13.8
77.4,13.8
77.6,13.8
77.8,13.8
78,13.8
78.2,13.8
78.4,13.8
78.6,13.8
78.8,13.8
79,13.8
79.2,13.8
79.4,13.8
79.6,13.8
79.8,13.8
80,13.8
80.2,13.8
74.6,14
74.8,14
75,14
75.2,14
75.4,14
75.6,14
75.8,14
76,14
76.2,14
76.4,14
76.6,14
76.8,14
77,14
77.2,14
77.4,14
77.6,14
77.8,14
78,14
78.2,14
78.4,14
78.6,14
78.8,14
79,14
79.2,14
79.4,14
79.6,14
79.8,14
80,14
74.6,14.2
74.8,14.2
75,14.2
75.2,14.2
75.4,14.2
75.6,14.2
75.8,14.2
76,14.2
76.2,14.2
76.4,14.2
76.6,14.2
76.8,14.2
77,14.2
77.2,14.2
77.4,14.2
77.6,14.2
77.8,14.2
78,14.2
78.2,14.2
78.4,14.2
78.6,14.2
78.8,14.2
79,14.2
79.2,14.2
79.4,14.2
79.6,14.2
79.8,14.2
80,14.2
74.4,14.4
74.6,14.4
74.8,14.4
75,14.4
75.2,14.4
75.4,14.4
75.6,14.4
75.8,14.4
76,14.4
76.2,14.4
76.4,14.4
76.6,14.4
76.8,14.4
77,14.4
77.2,14.4
77.4,14.4
77.6,14.4
77.8,14.4
78,14.4
78.2,14.4
78.4,14.4
78.6,14.4
78.8,14.4
79,14.4
79.2,14.4
79.4,14.4
79.6,14.4
79.8,14.4
80,14.4
74.4,14.6
74.6,14.6
74.8,14.6
75,14.6
75.2,14.6
75.4,14.6
75.6,14.6
75.8,14.6
76,14.6
76.2,14.6
76.4,14.6
76.6,14.6
76.8,14.6
77,14.6
77.2,14.6
77.4,14.6
77.6,14.6
77.8,14.6
78,14.6
78.2,14.6
78.4,14.6
78.6,14.6
78.8,14.6
79,14.6
79.2,14.6
79.4,14.6
79.6,14.6
79.8,14.6
80,14.6
74.2,14.8
74.4,14.8
74.6,14.8
74.8,14.8
75,14.8
75.2,14.8
75.4,14.8
75.6,14.8
75.8,14.8
76,14.8
76.2,14.8
76.4,14.8
76.6,14.8
76.8,14.8
77,14.8
77.2,14.8
77.4,14.8
77.6,14.8
77.8,14.8
78,14.8
78.2,14.8
78.4,14.8
78.6,14.8
78.8,14.8
79,14.8
79.2,14.8
79.4,14.8
79.6,14.8
79.8,14.8
80,14.8
74.2,15
74.4,15
74.6,15
74.8,15
75,15
75.2,15
75.4,15
75.6,15
75.8,15
76,15
76.2,15
76.4,15
76.6,15
76.8,15
77,15
77.2,15
77.4,15
77.6,15
77.8,15
78,15
78.2,15
78.4,15
78.6,15
78.8,15
79,15
79.2,15
79.4,15
79.6,15
79.8,15
80,15
74,15.2
74.2,15.2
74.4,15.2
74.6,15.2
74.8,15.2
75,15.2
75.2,15.2
75.4,15.2
75.6,15.2
75.8,15.2
76,15.2
76.2,15.2
76.4,15.2
76.6,15.2
76.8,15.2
77,15.2
77.2,15.2
77.4,15.2
77.6,15.2
77.8,15.2
78,15.2
78.2,15.2
78.4,15.2
78.6,15.2
78.8,15.2
79,15.2
79.2,15.2
79.4,15.2
79.6,15.2
79.8,15.2
80,15.2
73.8,15.4
74,15.4
74.2,15.4
74.4,15.4
74.6,15.4
74.8,15.4
75,15.4
75.2,15.4
75.4,15.4
75.6,15.4
75.8,15.4
76,15.4
76.2,15.4
76.4,15.4
76.6,15.4
76.8,15.4
77,15.4
77.2,15.4
77.4,15.4
77.6,15.4
77.8,15.4
78,15.4
78.2,15.4
78.4,15.4
78.6,15.4
78.8,15.4
79,15.4
79.2,15.4
79.4,15.4
79.6,15.4
79.8,15.4
80,15.4
73.8,15.6
74,15.6
74.2,15.6
74.4,15.6
74.6,15.6
74.8,15.6
75,15.6
75.2,15.6
75.4,15.6
75.6,15.6
75.8,15.6
76,15.6
76.2,15.6
76.4,15.6
76.6,15.6
76.8,15.6
77,15.6
77.2,15.6
77.4,15.6
77.6,15.6
77.8,15.6
78,15.6
78.2,15.6
78.4,15.6
78.6,15.6
78.8,15.6
79,15.6
79.2,15.6
79.4,15.6
79.6,15.6
79.8,15.6
80,15.6
80.2,15.6
73.8,15.8
74,15.8
74.2,15.8
74.4,15.8
74.6,15.8
74.8,15.8
75,15.8
75.2,15.8
75.4,15.8
75.6,15.8
75.8,15.8
76,15.8
76.2,15.8
76.4,15.8
76.6,15.8
76.8,15.8
77,15.8
77.2,15.8
77.4,15.8
77.6,15.8
77.8,15.8
78,15.8
78.2,15.8
78.4,15.8
78.6,15.8
78.8,15.8
79,15.8
79.2,15.8
79.4,15.8
79.6,15.8
79.8,15.8
80,15.8
80.2,15.8
80.4,15.8
81,15.8
73.6,16
73.8,16
74,16
74.2,16
74.4,16
74.6,16
74.8,16
75,16
75.2,16
75.4,16
75.6,16
75.8,16
76,16
76.2,16
76.4,16
76.6,16
76.8,16
77,16
77.2,16
77.4,16
77.6,16
77.8,16
78,16
78.2,16
78.4,16
78.6,16
78.8,16
79,16
79.2,16
79.4,16
79.6,16
79.8,16
80,16
80.2,16
80.4,16
80.6,16
80.8,16
81,16
73.6,16.2
73.8,16.2
74,16.2
74.2,16.2
74.4,16.2
74.6,16.2
74.8,16.2
75,16.2
75.2,16.2
75.4,16.2
75.6,16.2
75.8,16.2
76,16.2
76.2,16.2
76.4,16.2
76.6,16.2
76.8,16.2
77,16.2
77.2,16.2
77.4,16.2
77.6,16.2
77.8,16.2
78,16.2
78.2,16.2
78.4,16.2
78.6,16.2
78.8,16.2
79,16.2
79.2,16.2
79.4,16.2
79.6,16.2
79.8,16.2
80,16.2
80.2,16.2
80.4,16.2
80.6,16.2
80.8,16.2
81,16.2
81.2,16.2
73.4,16.4
73.6,16.4
73.8,16.4
74,16.4
74.2,16.4
74.4,16.4
74.6,16.4
74.8,16.4
75,16.4
75.2,16.4
75.4,16.4
75.6,16.4
75.8,16.4
76,16.4
76.2,16.4
76.4,16.4
76.6,16.4
76.8,16.4
77,16.4
77.2,16.4
77.4,16.4
77.6,16.4
77.8,16.4
78,16.4
78.2,16.4
78.4,16.4
78.6,16.4
78.8,16.4
79,16.4
79.2,16.4
79.4,16.4
79.6,16.4
79.8,16.4
80,16.4
80.2,16.4
80.4,16.4
80.6,16.4
80.8,16.4
81,16.4
81.2,16.4
81.4,16.4
81.6,16.4
81.8,16.4
73.4,16.6
73.6,16.6
73.8,16.6
74,16.6
74.2,16.6
74.4,16.6
74.6,16.6
74.8,16.6
75,16.6
75.2,16.6
75.4,16.6
75.6,16.6
75.8,16.6
76,16.6
76.2,16.6
76.4,16.6
76.6,16.6
76.8,16.6
77,16.6
77.2,16.6
77.4,16.6
77.6,16.6
77.8,16.6
78,16.6
78.2,16.6
78.4,16.6
78.6,16.6
78.8,16.6
79,16.6
79.2,16.6
79.4,16.6
79.6,16.6
79.8,16.6
80,16.6
80.2,16.6
80.4,16.6
80.6,16.6
80.8,16.6
81,16.6
81.2,16.6
81.4,16.6
81.6,16.6
81.8,16.6
82,16.6
82.2,16.6
73.4,16.8
73.6,16.8
73.8,16.8
74,16.8
74.2,16.8
74.4,16.8
74.6,16.8
74.8,16.8
75,16.8
75.2,16.8
75.4,16.8
75.6,16.8
75.8,16.8
76,16.8
76.2,16.8
76.4,16.8
76.6,16.8
76.8,16.8
77,16.8
77.2,16.8
77.4,16.8
77.6,16.8
77.8,16.8
78,16.8
78.2,16.8
78.4,16.8
78.6,16.8
78.8,16.8
79,16.8
79.2,16.8
79.4,16.8
79.6,16.8
79.8,16.8
80,16.8
80.2,16.8
80.4,16.8
80.6,16.8
80.8,16.8
81,16.8
81.2,16.8
81.4,16.8
81.6,16.8
81.8,16.8
82,16.8
82.2,16.8
73.4,17
73.6,17
73.8,17
74,17
74.2,17
74.4,17
74.6,17
74.8,17
75,17
75.2,17
75.4,17
75.6,17
75.8,17
76,17
76.2,17
76.4,17
76.6,17
76.8,17
77,17
77.2,17
77.4,17
77.6,17
77.8,17
78,17
78.2,17
78.4,17
78.6,17
78.8,17
79,17
79.2,17
79.4,17
79.6,17
79.8,17
80,17
80.2,17
80.4,17
80.6,17
80.8,17
81,17
81.2,17
81.4,17
81.6,17
81.8,17
82,17
82.2,17
73.4,17.2
73.6,17.2
73.8,17.2
74,17.2
74.2,17.2
74.4,17.2
74.6,17.2
74.8,17.2
75,17.2
75.2,17.2
75.4,17.2
75.6,17.2
75.8,17.2
76,17.2
76.2,17.2
76.4,17.2
76.6,17.2
76.8,17.2
77,17.2
77.2,17.2
77.4,17.2
77.6,17.2
77.8,17.2
78,17.2
78.2,17.2
78.4,17.2
78.6,17.2
78.8,17.2
79,17.2
79.2,17.2
79.4,17.2
79.6,17.2
79.8,17.2
80,17.2
80.2,17.2
80.4,17.2
80.6,17.2
80.8,17.2
81,17.2
81.2,17.2
81.4,17.2
81.6,17.2
81.8,17.2
82,17.2
82.2,17.2
82.4,17.2
73.2,17.4
73.4,17.4
73.6,17.4
73.8,17.4
74,17.4
74.2,17.4
74.4,17.4
74.6,17.4
74.8,17.4
75,17.4
75.2,17.4
75.4,17.4
75.6,17.4
75.8,17.4
76,17.4
76.2,17.4
76.4,17.4
76.6,17.4
76.8,17.4
77,17.4
77.2,17.4
77.4,17.4
77.6,17.4
77.8,17.4
78,17.4
78.2,17.4
78.4,17.4
78.6,17.4
78.8,17.4
79,17.4
79.2,17.4
79.4,17.4
79.6,17.4
79.8,17.4
80,17.4
80.2,17.4
80.4,17.4
80.6,17.4
80.8,17.4
81,17.4
81.2,17.4
81.4,17.4
81.6,17.4
81.8,17.4
82,17.4
82.2,17.4
82.4,17.4
82.6,17.4
82.8,17.4
73.2,17.6
73.4,17.6
73.6,17.6
73.8,17.6
74,17.6
74.2,17.6
74.4,17.6
74.6,17.6
74.8,17.6
75,17.6
75.2,17.6
75.4,17.6
75.6,17.6
75.8,17.6
76,17.6
76.2,17.6
76.4,17.6
76.6,17.6
76.8,17.6
77,17.6
77.2,17.6
77.4,17.6
77.6,17.6
77.8,17.6
78,17.6
78.2,17.6
78.4,17.6
78.6,17.6
78.8,17.6
79,17.6
79.2,17.6
79.4,17.6
79.6,17.6
79.8,17.6
80,17.6
80.2,17.6
80.4,17.6
80.6,17.6
80.8,17.6
81,17.6
81.2,17.6
81.4,17.6
81.6,17.6
81.8,17.6
82,17.6
82.2,17.6
82.4,17.6
82.6,17.6
82.8,17.6
83,17.6
83.2,17.6
73.2,17.8
73.4,17.8
73.6,17.8
73.8,17.8
74,17.8
74.2,17.8
74.4,17.8
74.6,17.8
74.8,17.8
75,17.8
75.2,17.8
75.4,17.8
75.6,17.8
75.8,17.8
76,17.8
76.2,17.8
76.4,17.8
76.6,17.8
76.8,17.8
77,17.8
77.2,17.8
77.4,17.8
77.6,17.8
77.8,17.8
78,17.8
78.2,17.8
78.4,17.8
78.6,17.8
78.8,17.8
79,17.8
79.2,17.8
79.4,17.8
79.6,17.8
79.8,17.8
80,17.8
80.2,17.8
80.4,17.8
80.6,17.8
80.8,17.8
81,17.8
81.2,17.8
81.4,17.8
81.6,17.8
81.8,17.8
82,17.8
82.2,17.8
82.4,17.8
82.6,17.8
82.8,17.8
83,17.8
83.2,17.8
83.4,17.8
73.2,18
73.4,18
73.6,18
73.8,18
74,18
74.2,18
74.4,18
74.6,18
74.8,18
75,18
75.2,18
75.4,18
75.6,18
75.8,18
76,18
76.2,18
76.4,18
76.6,18
76.8,18
77,18
77.2,18
77.4,18
77.6,18
77.8,18
78,18
78.2,18
78.4,18
78.6,18
78.8,18
79,18
79.2,18
79.4,18
79.6,18
79.8,18
80,18
80.2,18
80.4,18
80.6,18
80.8,18
81,18
81.2,18
81.4,18
81.6,18
81.8,18
82,18
82.2,18
82.4,18
82.6,18
82.8,18
83,18
83.2,18
83.4,18
73,18.2
73.2,18.2
73.4,18.2
73.6,18.2
73.8,18.2
74,18.2
74.2,18.2
74.4,18.2
74.6,18.2
74.8,18.2
75,18.2
75.2,18.2
75.4,18.2
75.6,18.2
75.8,18.2
76,18.2
76.2,18.2
76.4,18.2
76.6,18.2
76.8,18.2
77,18.2
77.2,18.2
77.4,18.2
77.6,18.2
77.8,18.2
78,18.2
78.2,18.2
78.4,18.2
78.6,18.2
78.8,18.2
79,18.2
79.2,18.2
79.4,18.2
79.6,18.2
79.8,18.2
80,18.2
80.2,18.2
80.4,18.2
80.6,18.2
80.8,18.2
81,18.2
81.2,18.2
81.4,18.2
81.6,18.2
81.8,18.2
82,18.2
82.2,18.2
82.4,18.2
82.6,18.2
82.8,18.2
83,18.2
83.2,18.2
83.4,18.2
83.6,18.2
83.8,18.2
73,18.4
73.2,18.4
73.4,18.4
73.6,18.4
73.8,18.4
74,18.4
74.2,18.4
74.4,18.4
74.6,18.4
74.8,18.4
75,18.4
75.2,18.4
75.4,18.4
75.6,18.4
75.8,18.4
76,18.4
76.2,18.4
76.4,18.4
76.6,18.4
76.8,18.4
77,18.4
77.2,18.4
77.4,18.4
77.6,18.4
77.8,18.4
78,18.4
78.2,18.4
78.4,18.4
78.6,18.4
78.8,18.4
79,18.4
79.2,18.4
79.4,18.4
79.6,18.4
79.8,18.4
80,18.4
80.2,18.4
80.4,18.4
80.6,18.4
80.8,18.4
81,18.4
81.2,18.4
81.4,18.4
81.6,18.4
81.8,18.4
82,18.4
82.2,18.4
82.4,18.4
82.6,18.4
82.8,18.4
83,18.4
83.2,18.4
83.4,18.4
83.6,18.4
83.8,18.4
84,18.4
73,18.6
73.2,18.6
73.4,18.6
73.6,18.6
73.8,18.6
74,18.6
74.2,18.6
74.4,18.6
74.6,18.6
74.8,18.6
75,18.6
75.2,18.6
75.4,18.6
75.6,18.6
75.8,18.6
76,18.6
76.2,18.6
76.4,18.6
76.6,18.6
76.8,18.6
77,18.6
77.2,18.6
77.4,18.6
77.6,18.6
77.8,18.6
78,18.6
78.2,18.6
78.4,18.6
78.6,18.6
78.8,18.6
79,18.6
79.2,18.6
79.4,18.6
79.6,18.6
79.8,18.6
80,18.6
80.2,18.6
80.4,18.6
80.6,18.6
80.8,18.6
81,18.6
81.2,18.6
81.4,18.6
81.6,18.6
81.8,18.6
82,18.6
82.2,18.6
82.4,18.6
82.6,18.6
82.8,18.6
83,18.6
83.2,18.6
83.4,18.6
83.6,18.6
83.8,18.6
84,18.6
84.2,18.6
73,18.8
73.2,18.8
73.4,18.8
73.6,18.8
73.8,18.8
74,18.8
74.2,18.8
74.4,18.8
74.6,18.8
74.8,18.8
75,18.8
75.2,18.8
75.4,18.8
75.6,18.8
75.8,18.8
76,18.8
76.2,18.8
76.4,18.8
76.6,18.8
76.8,18.8
77,18.8
77.2,18.8
77.4,18.8
77.6,18.8
77.8,18.8
78,18.8
78.2,18.8
78.4,18.8
78.6,18.8
78.8,18.8
79,18.8
79.2,18.8
79.4,18.8
79.6,18.8
79.8,18.8
80,18.8
80.2,18.8
80.4,18.8
80.6,18.8
80.8,18.8
81,18.8
81.2,18.8
81.4,18.8
81.6,18.8
81.8,18.8
82,18.8
82.2,18.8
82.4,18.8
82.6,18.8
82.8,18.8
83,18.8
83.2,18.8
83.4,18.8
83.6,18.8
83.8,18.8
84,18.8
84.2,18.8
84.4,18.8
73.2,19
73.4,19
73.6,19
73.8,19
74,19
74.2,19
74.4,19
74.6,19
74.8,19
75,19
75.2,19
75.4,19
75.6,19
75.8,19
76,19
76.2,19
76.4,19
76.6,19
76.8,19
77,19
77.2,19
77.4,19
77.6,19
77.8,19
78,19
78.2,19
78.4,19
78.6,19
78.8,19
79,19
79.2,19
79.4,19
79.6,19
79.8,19
80,19
80.2,19
80.4,19
80.6,19
80.8,19
81,19
81.2,19
81.4,19
81.6,19
81.8,19
82,19
82.2,19
82.4,19
82.6,19
82.8,19
83,19
83.2,19
83.4,19
83.6,19
83.8,19
84,19
84.2,19
84.4,19
84.6,19
72.8,19.2
73,19.2
73.2,19.2
73.4,19.2
73.6,19.2
73.8,19.2
74,19.2
74.2,19.2
74.4,19.2
74.6,19.2
74.8,19.2
75,19.2
75.2,19.2
75.4,19.2
75.6,19.2
75.8,19.2
76,19.2
76.2,19.2
76.4,19.2
76.6,19.2
76.8,19.2
77,19.2
77.2,19.2
77.4,19.2
77.6,19.2
77.8,19.2
78,19.2
78.2,19.2
78.4,19.2
78.6,19.2
78.8,19.2
79,19.2
79.2,19.2
79.4,19.2
79.6,19.2
79.8,19.2
80,19.2
80.2,19.2
80.4,19.2
80.6,19.2
80.8,19.2
81,19.2
81.2,19.2
81.4,19.2
81.6,19.2
81.8,19.2
82,19.2
82.2,19.2
82.4,19.2
82.6,19.2
82.8,19.2
83,19.2
83.2,19.2
83.4,19.2
83.6,19.2
83.8,19.2
84,19.2
84.2,19.2
84.4,19.2
84.6,19.2
84.8,19.2
72.8,19.4
73,19.4
73.2,19.4
73.4,19.4
73.6,19.4
73.8,19.4
74,19.4
74.2,19.4
74.4,19.4
74.6,19.4
74.8,19.4
75,19.4
75.2,19.4
75.4,19.4
75.6,19.4
75.8,19.4
76,19.4
76.2,19.4
76.4,19.4
76.6,19.4
76.8,19.4
77,19.4
77.2,19.4
77.4,19.4
77.6,19.4
77.8,19.4
78,19.4
78.2,19.4
78.4,19.4
78.6,19.4
78.8,19.4
79,19.4
79.2,19.4
79.4,19.4
79.6,19.4
79.8,19.4
80,19.4
80.2,19.4
80.4,19.4
80.6,19.4
80.8,19.4
81,19.4
81.2,19.4
81.4,19.4
81.6,19.4
81.8,19.4
82,19.4
82.2,19.4
82.4,19.4
82.6,19.4
82.8,19.4
83,19.4
83.2,19.4
83.4,19.4
83.6,19.4
83.8,19.4
84,19.4
84.2,19.4
84.4,19.4
84.6,19.4
84.8,19.4
85,19.4
72.8,19.6
73,19.6
73.2,19.6
73.4,19.6
73.6,19.6
73.8,19.6
74,19.6
74.2,19.6
74.4,19.6
74.6,19.6
74.8,19.6
75,19.6
75.2,19.6
75.4,19.6
75.6,19.6
75.8,19.6
76,19.6
76.2,19.6
76.4,19.6
76.6,19.6
76.8,19.6
77,19.6
77.2,19.6
77.4,19.6
77.6,19.6
77.8,19.6
78,19.6
78.2,19.6
78.4,19.6
78.6,19.6
78.8,19.6
79,19.6
79.2,19.6
79.4,19.6
79.6,19.6
79.8,19.6
80,19.6
80.2,19.6
80.4,19.6
80.6,19.6
80.8,19.6
81,19.6
81.2,19.6
81.4,19.6
81.6,19.6
81.8,19.6
82,19.6
82.2,19.6
82.4,19.6
82.6,19.6
82.8,19.6
83,19.6
83.2,19.6
83.4,19.6
83.6,19.6
83.8,19.6
84,19.6
84.2,19.6
84.4,19.6
84.6,19.6
84.8,19.6
85,19.6
72.8,19.8
73,19.8
73.2,19.8
73.4,19.8
73.6,19.8
73.8,19.8
74,19.8
74.2,19.8
74.4,19.8
74.6,19.8
74.8,19.8
75,19.8
75.2,19.8
75.4,19.8
75.6,19.8
75.8,19.8
76,19.8
76.2,19.8
76.4,19.8
76.6,19.8
76.8,19.8
77,19.8
77.2,19.8
77.4,19.8
77.6,19.8
77.8,19.8
78,19.8
78.2,19.8
78.4,19.8
78.6,19.8
78.8,19.8
79,19.8
79.2,19.8
79.4,19.8
79.6,19.8
79.8,19.8
80,19.8
80.2,19.8
80.4,19.8
80.6,19.8
80.8,19.8
81,19.8
81.2,19.8
81.4,19.8
81.6,19.8
81.8,19.8
82,19.8
82.2,19.8
82.4,19.8
82.6,19.8
82.8,19.8
83,19.8
83.2,19.8
83.4,19.8
83.6,19.8
83.8,19.8
84,19.8
84.2,19.8
84.4,19.8
84.6,19.8
84.8,19.8
85,19.8
85.2,19.8
85.6,19.8
85.8,19.8
72.8,20
73,20
73.2,20
73.4,20
73.6,20
73.8,20
74,20
74.2,20
74.4,20
74.6,20
74.8,20
75,20
75.2,20
75.4,20
75.6,20
75.8,20
76,20
76.2,20
76.4,20
76.6,20
76.8,20
77,20
77.2,20
77.4,20
77.6,20
77.8,20
78,20
78.2,20
78.4,20
78.6,20
78.8,20
79,20
79.2,20
79.4,20
79.6,20
79.8,20
80,20
80.2,20
80.4,20
80.6,20
80.8,20
81,20
81.2,20
81.4,20
81.6,20
81.8,20
82,20
82.2,20
82.4,20
82.6,20
82.8,20
83,20
83.2,20
83.4,20
83.6,20
83.8,20
84,20
84.2,20
84.4,20
84.6,20
84.8,20
85,20
85.2,20
85.4,20
85.6,20
85.8,20
86,20
86.2,20
86.4,20
72.8,20.2
73,20.2
73.2,20.2
73.4,20.2
73.6,20.2
73.8,20.2
74,20.2
74.2,20.2
74.4,20.2
74.6,20.2
74.8,20.2
75,20.2
75.2,20.2
75.4,20.2
75.6,20.2
75.8,20.2
76,20.2
76.2,20.2
76.4,20.2
76.6,20.2
76.8,20.2
77,20.2
77.2,20.2
77.4,20.2
77.6,20.2
77.8,20.2
78,20.2
78.2,20.2
78.4,20.2
78.6,20.2
78.8,20.2
79,20.2
79.2,20.2
79.4,20.2
79.6,20.2
79.8,20.2
80,20.2
80.2,20.2
80.4,20.2
80.6,20.2
80.8,20.2
81,20.2
81.2,20.2
81.4,20.2
81.6,20.2
81.8,20.2
82,20.2
82.2,20.2
82.4,20.2
82.6,20.2
82.8,20.2
83,20.2
83.2,20.2
83.4,20.2
83.6,20.2
83.8,20.2
84,20.2
84.2,20.2
84.4,20.2
84.6,20.2
84.8,20.2
85,20.2
85.2,20.2
85.4,20.2
85.6,20.2
85.8,20.2
86,20.2
86.2,20.2
86.4,20.2
73,20.4
73.2,20.4
73.4,20.4
73.6,20.4
73.8,20.4
74,20.4
74.2,20.4
74.4,20.4
74.6,20.4
74.8,20.4
75,20.4
75.2,20.4
75.4,20.4
75.6,20.4
75.8,20.4
76,20.4
76.2,20.4
76.4,20.4
76.6,20.4
76.8,20.4
77,20.4
77.2,20.4
77.4,20.4
77.6,20.4
77.8,20.4
78,20.4
78.2,20.4
78.4,20.4
78.6,20.4
78.8,20.4
79,20.4
79.2,20.4
79.4,20.4
79.6,20.4
79.8,20.4
80,20.4
80.2,20.4
80.4,20.4
80.6,20.4
80.8,20.4
81,20.4
81.2,20.4
81.4,20.4
81.6,20.4
81.8,20.4
82,20.4
82.2,20.4
82.4,20.4
82.6,20.4
82.8,20.4
83,20.4
83.2,20.4
83.4,20.4
83.6,20.4
83.8,20.4
84,20.4
84.2,20.4
84.4,20.4
84.6,20.4
84.8,20.4
85,20.4
85.2,20.4
85.4,20.4
85.6,20.4
85.8,20.4
86,20.4
86.2,20.4
86.4,20.4
86.6,20.4
86.8,20.4
73,20.6
73.2,20.6
73.4,20.6
73.6,20.6
73.8,20.6
74,20.6
74.2,20.6
74.4,20.6
74.6,20.6
74.8,20.6
75,20.6
75.2,20.6
75.4,20.6
75.6,20.6
75.8,20.6
76,20.6
76.2,20.6
76.4,20.6
76.6,20.6
76.8,20.6
77,20.6
77.2,20.6
77.4,20.6
77.6,20.6
77.8,20.6
78,20.6
78.2,20.6
78.4,20.6
78.6,20.6
78.8,20.6
79,20.6
79.2,20.6
79.4,20.6
79.6,20.6
79.8,20.6
80,20.6
80.2,20.6
80.4,20.6
80.6,20.6
80.8,20.6
81,20.6
81.2,20.6
81.4,20.6
81.6,20.6
81.8,20.6
82,20.6
82.2,20.6
82.4,20.6
82.6,20.6
82.8,20.6
83,20.6
83.2,20.6
83.4,20.6
83.6,20.6
83.8,20.6
84,20.6
84.2,20.6
84.4,20.6
84.6,20.6
84.8,20.6
85,20.6
85.2,20.6
85.4,20.6
85.6,20.6
85.8,20.6
86,20.6
86.2,20.6
86.4,20.6
86.6,20.6
86.8,20.6
70.6,20.8
70.8,20.8
71,20.8
71.2,20.8
73,20.8
73.2,20.8
73.4,20.8
73.6,20.8
73.8,20.8
74,20.8
74.2,20.8
74.4,20.8
74.6,20.8
74.8,20.8
75,20.8
75.2,20.8
75.4,20.8
75.6,20.8
75.8,20.8
76,20.8
76.2,20.8
76.4,20.8
76.6,20.8
76.8,20.8
77,20.8
77.2,20.8
77.4,20.8
77.6,20.8
77.8,20.8
78,20.8
78.2,20.8
78.4,20.8
78.6,20.8
78.8,20.8
79,20.8
79.2,20.8
79.4,20.8
79.6,20.8
79.8,20.8
80,20.8
80.2,20.8
80.4,20.8
80.6,20.8
80.8,20.8
81,20.8
81.2,20.8
81.4,20.8
81.6,20.8
81.8,20.8
82,20.8
82.2,20.8
82.4,20.8
82.6,20.8
82.8,20.8
83,20.8
83.2,20.8
83.4,20.8
83.6,20.8
83.8,20.8
84,20.8
84.2,20.8
84.4,20.8
84.6,20.8
84.8,20.8
85,20.8
85.2,20.8
85.4,20.8
85.6,20.8
85.8,20.8
86,20.8
86.2,20.8
86.4,20.8
86.6,20.8
86.8,20.8
70.4,21
70.6,21
70.8,21
71,21
71.2,21
71.4,21
71.6,21
73,21
73.2,21
73.4,21
73.6,21
73.8,21
74,21
74.2,21
74.4,21
74.6,21
74.8,21
75,21
75.2,21
75.4,21
75.6,21
75.8,21
76,21
76.2,21
76.4,21
76.6,21
76.8,21
77,21
77.2,21
77.4,21
77.6,21
77.8,21
78,21
78.2,21
78.4,21
78.6,21
78.8,21
79,21
79.2,21
79.4,21
79.6,21
79.8,21
80,21
80.2,21
80.4,21
80.6,21
80.8,21
81,21
81.2,21
81.4,21
81.6,21
81.8,21
82,21
82.2,21
82.4,21
82.6,21
82.8,21
83,21
83.2,21
83.4,21
83.6,21
83.8,21
84,21
84.2,21
84.4,21
84.6,21
84.8,21
85,21
85.2,21
85.4,21
85.6,21
85.8,21
86,21
86.2,21
86.4,21
86.6,21
86.8,21
92.2,21
70.2,21.2
70.4,21.2
70.6,21.2
70.8,21.2
71,21.2
71.2,21.2
71.4,21.2
71.6,21.2
71.8,21.2
72,21.2
72.8,21.2
73,21.2
73.2,21.2
73.4,21.2
73.6,21.2
73.8,21.2
74,21.2
74.2,21.2
74.4,21.2
74.6,21.2
74.8,21.2
75,21.2
75.2,21.2
75.4,21.2
75.6,21.2
75.8,21.2
76,21.2
76.2,21.2
76.4,21.2
76.6,21.2
76.8,21.2
77,21.2
77.2,21.2
77.4,21.2
77.6,21.2
77.8,21.2
78,21.2
78.2,21.2
78.4,21.2
78.6,21.2
78.8,21.2
79,21.2
79.2,21.2
79.4,21.2
79.6,21.2
79.8,21.2
80,21.2
80.2,21.2
80.4,21.2
80.6,21.2
80.8,21.2
81,21.2
81.2,21.2
81.4,21.2
81.6,21.2
81.8,21.2
82,21.2
82.2,21.2
82.4,21.2
82.6,21.2
82.8,21.2
83,21.2
83.2,21.2
83.4,21.2
83.6,21.2
83.8,21.2
84,21.2
84.2,21.2
84.4,21.2
84.6,21.2
84.8,21.2
85,21.2
85.2,21.2
85.4,21.2
85.6,21.2
85.8,21.2
86,21.2
86.2,21.2
86.4,21.2
86.6,21.2
86.8,21.2
92.2,21.2
70,21.4
70.2,21.4
70.4,21.4
70.6,21.4
70.8,21.4
71,21.4
71.2,21.4
71.4,21.4
71.6,21.4
71.8,21.4
72,21.4
72.8,21.4
73,21.4
73.2,21.4
73.4,21.4
73.6,21.4
73.8,21.4
74,21.4
74.2,21.4
74.4,21.4
74.6,21.4
74.8,21.4
75,21.4
75.2,21.4
75.4,21.4
75.6,21.4
75.8,21.4
76,21.4
76.2,21.4
76.4,21.4
76.6,21.4
76.8,21.4
77,21.4
77.2,21.4
77.4,21.4
77.6,21.4
77.8,21.4
78,21.4
78.2,21.4
78.4,21.4
78.6,21.4
78.8,21.4
79,21.4
79.2,21.4
79.4,21.4
79.6,21.4
79.8,21.4
80,21.4
80.2,21.4
80.4,21.4
80.6,21.4
80.8,21.4
81,21.4
81.2,21.4
81.4,21.4
81.6,21.4
81.8,21.4
82,21.4
82.2,21.4
82.4,21.4
82.6,21.4
82.8,21.4
83,21.4
83.2,21.4
83.4,21.4
83.6,21.4
83.8,21.4
84,21.4
84.2,21.4
84.4,21.4
84.6,21.4
84.8,21.4
85,21.4
85.2,21.4
85.4,21.4
85.6,21.4
85.8,21.4
86,21.4
86.2,21.4
86.4,21.4
86.6,21.4
86.8,21.4
92,21.4
92.2,21.4
92.6,21.4
69.8,21.6
70,21.6
70.2,21.6
70.4,21.6
70.6,21.6
70.8,21.6
71,21.6
71.2,21.6
71.4,21.6
71.6,21.6
71.8,21.6
72,21.6
72.2,21.6
72.8,21.6
73,21.6
73.2,21.6
73.4,21.6
73.6,21.6
73.8,21.6
74,21.6
74.2,21.6
74.4,21.6
74.6,21.6
74.8,21.6
75,21.6
75.2,21.6
75.4,21.6
75.6,21.6
75.8,21.6
76,21.6
76.2,21.6
76.4,21.6
76.6,21.6
76.8,21.6
77,21.6
77.2,21.6
77.4,21.6
77.6,21.6
77.8,21.6
78,21.6
78.2,21.6
78.4,21.6
78.6,21.6
78.8,21.6
79,21.6
79.2,21.6
79.4,21.6
79.6,21.6
79.8,21.6
80,21.6
80.2,21.6
80.4,21.6
80.6,21.6
80.8,21.6
81,21.6
81.2,21.6
81.4,21.6
81.6,21.6
81.8,21.6
82,21.6
82.2,21.6
82.4,21.6
82.6,21.6
82.8,21.6
83,21.6
83.2,21.6
83.4,21.6
83.6,21.6
83.8,21.6
84,21.6
84.2,21.6
84.4,21.6
84.6,21.6
84.8,21.6
85,21.6
85.2,21.6
85.4,21.6
85.6,21.6
85.8,21.6
86,21.6
86.2,21.6
86.4,21.6
86.6,21.6
86.8,21.6
87,21.6
87.2,21.6
87.4,21.6
88.4,21.6
88.8,21.6
92.2,21.6
92.4,21.6
92.6,21.6
69.6,21.8
69.8,21.8
70,21.8
70.2,21.8
70.4,21.8
70.6,21.8
70.8,21.8
71,21.8
71.2,21.8
71.4,21.8
71.6,21.8
71.8,21.8
72.6,21.8
72.8,21.8
73,21.8
73.2,21.8
73.4,21.8
73.6,21.8
73.8,21.8
74,21.8
74.2,21.8
74.4,21.8
74.6,21.8
74.8,21.8
75,21.8
75.2,21.8
75.4,21.8
75.6,21.8
75.8,21.8
76,21.8
76.2,21.8
76.4,21.8
76.6,21.8
76.8,21.8
77,21.8
77.2,21.8
77.4,21.8
77.6,21.8
77.8,21.8
78,21.8
78.2,21.8
78.4,21.8
78.6,21.8
78.8,21.8
79,21.8
79.2,21.8
79.4,21.8
79.6,21.8
79.8,21.8
80,21.8
80.2,21.8
80.4,21.8
80.6,21.8
80.8,21.8
81,21.8
81.2,21.8
81.4,21.8
81.6,21.8
81.8,21.8
82,21.8
82.2,21.8
82.4,21.8
82.6,21.8
82.8,21.8
83,21.8
83.2,21.8
83.4,21.8
83.6,21.8
83.8,21.8
84,21.8
84.2,21.8
84.4,21.8
84.6,21.8
84.8,21.8
85,21.8
85.2,21.8
85.4,21.8
85.6,21.8
85.8,21.8
86,21.8
86.2,21.8
86.4,21.8
86.6,21.8
86.8,21.8
87,21.8
87.2,21.8
87.4,21.8
87.6,21.8
87.8,21.8
88.4,21.8
88.8,21.8
89,21.8
89.2,21.8
89.4,21.8
89.6,21.8
92,21.8
92.2,21.8
92.4,21.8
92.6,21.8
69.2,22
69.4,22
69.6,22
69.8,22
70,22
70.2,22
70.4,22
70.6,22
70.8,22
71,22
71.2,22
71.4,22
71.6,22
71.8,22
72,22
72.2,22
72.6,22
72.8,22
73,22
73.2,22
73.4,22
73.6,22
73.8,22
74,22
74.2,22
74.4,22
74.6,22
74.8,22
75,22
75.2,22
75.4,22
75.6,22
75.8,22
76,22
76.2,22
76.4,22
76.6,22
76.8,22
77,22
77.2,22
77.4,22
77.6,22
77.8,22
78,22
78.2,22
78.4,22
78.6,22
78.8,22
79,22
79.2,22
79.4,22
79.6,22
79.8,22
80,22
80.2,22
80.4,22
80.6,22
80.8,22
81,22
81.2,22
81.4,22
81.6,22
81.8,22
82,22
82.2,22
82.4,22
82.6,22
82.8,22
83,22
83.2,22
83.4,22
83.6,22
83.8,22
84,22
84.2,22
84.4,22
84.6,22
84.8,22
85,22
85.2,22
85.4,22
85.6,22
85.8,22
86,22
86.2,22
86.4,22
86.6,22
86.8,22
87,22
87.2,22
87.4,22
87.6,22
87.8,22
88,22
88.2,22
88.4,22
88.6,22
88.8,22
89,22
89.2,22
89.4,22
89.6,22
89.8,22
90.2,22
92,22
92.2,22
92.4,22
92.6,22
69,22.2
69.2,22.2
69.4,22.2
69.6,22.2
69.8,22.2
70,22.2
70.2,22.2
70.4,22.2
70.6,22.2
70.8,22.2
71,22.2
71.2,22.2
71.4,22.2
71.6,22.2
71.8,22.2
72,22.2
72.2,22.2
72.6,22.2
72.8,22.2
73,22.2
73.2,22.2
73.4,22.2
73.6,22.2
73.8,22.2
74,22.2
74.2,22.2
74.4,22.2
74.6,22.2
74.8,22.2
75,22.2
75.2,22.2
75.4,22.2
75.6,22.2
75.8,22.2
76,22.2
76.2,22.2
76.4,22.2
76.6,22.2
76.8,22.2
77,22.2
77.2,22.2
77.4,22.2
77.6,22.2
77.8,22.2
78,22.2
78.2,22.2
78.4,22.2
78.6,22.2
78.8,22.2
79,22.2
79.2,22.2
79.4,22.2
79.6,22.2
79.8,22.2
80,22.2
80.2,22.2
80.4,22.2
80.6,22.2
80.8,22.2
81,22.2
81.2,22.2
81.4,22.2
81.6,22.2
81.8,22.2
82,22.2
82.2,22.2
82.4,22.2
82.6,22.2
82.8,22.2
83,22.2
83.2,22.2
83.4,22.2
83.6,22.2
83.8,22.2
84,22.2
84.2,22.2
84.4,22.2
84.6,22.2
84.8,22.2
85,22.2
85.2,22.2
85.4,22.2
85.6,22.2
85.8,22.2
86,22.2
86.2,22.2
86.4,22.2
86.6,22.2
86.8,22.2
87,22.2
87.2,22.2
87.4,22.2
87.6,22.2
87.8,22.2
88,22.2
88.2,22.2
88.4,22.2
88.6,22.2
88.8,22.2
89,22.2
89.2,22.2
89.4,22.2
89.8,22.2
90,22.2
90.2,22.2
90.8,22.2
92,22.2
92.2,22.2
92.4,22.2
92.6,22.2
92.8,22.2
93,22.2
69,22.4
69.8,22.4
70,22.4
70.2,22.4
70.4,22.4
70.6,22.4
70.8,22.4
71,22.4
71.2,22.4
71.4,22.4
71.6,22.4
71.8,22.4
72,22.4
72.2,22.4
72.4,22.4
72.6,22.4
72.8,22.4
73,22.4
73.2,22.4
73.4,22.4
73.6,22.4
73.8,22.4
74,22.4
74.2,22.4
74.4,22.4
74.6,22.4
74.8,22.4
75,22.4
75.2,22.4
75.4,22.4
75.6,22.4
75.8,22.4
76,22.4
76.2,22.4
76.4,22.4
76.6,22.4
76.8,22.4
77,22.4
77.2,22.4
77.4,22.4
77.6,22.4
77.8,22.4
78,22.4
78.2,22.4
78.4,22.4
78.6,22.4
78.8,22.4
79,22.4
79.2,22.4
79.4,22.4
79.6,22.4
79.8,22.4
80,22.4
80.2,22.4
80.4,22.4
80.6,22.4
80.8,22.4
81,22.4
81.2,22.4
81.4,22.4
81.6,22.4
81.8,22.4
82,22.4
82.2,22.4
82.4,22.4
82.6,22.4
82.8,22.4
83,22.4
83.2,22.4
83.4,22.4
83.6,22.4
83.8,22.4
84,22.4
84.2,22.4
84.4,22.4
84.6,22.4
84.8,22.4
85,22.4
85.2,22.4
85.4,22.4
85.6,22.4
85.8,22.4
86,22.4
86.2,22.4
86.4,22.4
86.6,22.4
86.8,22.4
87,22.4
87.2,22.4
87.4,22.4
87.6,22.4
87.8,22.4
88,22.4
88.2,22.4
88.4,22.4
88.6,22.4
88.8,22.4
89,22.4
89.2,22.4
89.4,22.4
89.6,22.4
89.8,22.4
90,22.4
90.2,22.4
90.4,22.4
90.6,22.4
90.8,22.4
91.8,22.4
92,22.4
92.2,22.4
92.4,22.4
92.6,22.4
92.8,22.4
93,22.4
70.4,22.6
70.6,22.6
70.8,22.6
71,22.6
71.2,22.6
71.4,22.6
71.6,22.6
71.8,22.6
72,22.6
72.2,22.6
72.4,22.6
72.6,22.6
72.8,22.6
73,22.6
73.2,22.6
73.4,22.6
73.6,22.6
73.8,22.6
74,22.6
74.2,22.6
74.4,22.6
74.6,22.6
74.8,22.6
75,22.6
75.2,22.6
75.4,22.6
75.6,22.6
75.8,22.6
76,22.6
76.2,22.6
76.4,22.6
76.6,22.6
76.8,22.6
77,22.6
77.2,22.6
77.4,22.6
77.6,22.6
77.8,22.6
78,22.6
78.2,22.6
78.4,22.6
78.6,22.6
78.8,22.6
79,22.6
79.2,22.6
79.4,22.6
79.6,22.6
79.8,22.6
80,22.6
80.2,22.6
80.4,22.6
80.6,22.6
80.8,22.6
81,22.6
81.2,22.6
81.4,22.6
81.6,22.6
81.8,22.6
82,22.6
82.2,22.6
82.4,22.6
82.6,22.6
82.8,22.6
83,22.6
83.2,22.6
83.4,22.6
83.6,22.6
83.8,22.6
84,22.6
84.2,22.6
84.4,22.6
84.6,22.6
84.8,22.6
85,22.6
85.2,22.6
85.4,22.6
85.6,22.6
85.8,22.6
86,22.6
86.2,22.6
86.4,22.6
86.6,22.6
86.8,22.6
87,22.6
87.2,22.6
87.4,22.6
87.6,22.6
87.8,22.6
88,22.6
88.2,22.6
88.4,22.6
88.6,22.6
88.8,22.6
89,22.6
89.2,22.6
89.4,22.6
89.6,22.6
89.8,22.6
90,22.6
90.2,22.6
90.4,22.6
90.6,22.6
91,22.6
91.2,22.6
91.8,22.6
92,22.6
92.2,22.6
92.4,22.6
92.6,22.6
92.8,22.6
93,22.6
69.6,22.8
70.4,22.8
70.6,22.8
70.8,22.8
71,22.8
71.2,22.8
71.4,22.8
71.6,22.8
71.8,22.8
72,22.8
72.2,22.8
72.4,22.8
72.6,22.8
72.8,22.8
73,22.8
73.2,22.8
73.4,22.8
73.6,22.8
73.8,22.8
74,22.8
74.2,22.8
74.4,22.8
74.6,22.8
74.8,22.8
75,22.8
75.2,22.8
75.4,22.8
75.6,22.8
75.8,22.8
76,22.8
76.2,22.8
76.4,22.8
76.6,22.8
76.8,22.8
77,22.8
77.2,22.8
77.4,22.8
77.6,22.8
77.8,22.8
78,22.8
78.2,22.8
78.4,22.8
78.6,22.8
78.8,22.8
79,22.8
79.2,22.8
79.4,22.8
79.6,22.8
79.8,22.8
80,22.8
80.2,22.8
80.4,22.8
80.6,22.8
80.8,22.8
81,22.8
81.2,22.8
81.4,22.8
81.6,22.8
81.8,22.8
82,22.8
82.2,22.8
82.4,22.8
82.6,22.8
82.8,22.8
83,22.8
83.2,22.8
83.4,22.8
83.6,22.8
83.8,22.8
84,22.8
84.2,22.8
84.4,22.8
84.6,22.8
84.8,22.8
85,22.8
85.2,22.8
85.4,22.8
85.6,22.8
85.8,22.8
86,22.8
86.2,22.8
86.4,22.8
86.6,22.8
86.8,22.8
87,22.8
87.2,22.8
87.4,22.8
87.6,22.8
87.8,22.8
88,22.8
88.2,22.8
88.4,22.8
88.6,22.8
88.8,22.8
89,22.8
89.2,22.8
89.4,22.8
89.6,22.8
89.8,22.8
90,22.8
90.2,22.8
90.4,22.8
90.6,22.8
90.8,22.8
91,22.8
91.2,22.8
91.4,22.8
91.6,22.8
91.8,22.8
92,22.8
92.2,22.8
92.4,22.8
92.6,22.8
92.8,22.8
93,22.8
69,23
69.2,23
69.4,23
69.6,23
69.8,23
70,23
70.2,23
70.4,23
70.6,23
70.8,23
71,23
71.2,23
71.4,23
71.6,23
71.8,23
72,23
72.2,23
72.4,23
72.6,23
72.8,23
73,23
73.2,23
73.4,23
73.6,23
73.8,23
74,23
74.2,23
74.4,23
74.6,23
74.8,23
75,23
75.2,23
75.4,23
75.6,23
75.8,23
76,23
76.2,23
76.4,23
76.6,23
76.8,23
77,23
77.2,23
77.4,23
77.6,23
77.8,23
78,23
78.2,23
78.4,23
78.6,23
78.8,23
79,23
79.2,23
79.4,23
79.6,23
79.8,23
80,23
80.2,23
80.4,23
80.6,23
80.8,23
81,23
81.2,23
81.4,23
81.6,23
81.8,23
82,23
82.2,23
82.4,23
82.6,23
82.8,23
83,23
83.2,23
83.4,23
83.6,23
83.8,23
84,23
84.2,23
84.4,23
84.6,23
84.8,23
85,23
85.2,23
85.4,23
85.6,23
85.8,23
86,23
86.2,23
86.4,23
86.6,23
86.8,23
87,23
87.2,23
87.4,23
87.6,23
87.8,23
88,23
88.2,23
88.4,23
88.6,23
88.8,23
89,23
89.2,23
89.4,23
89.6,23
89.8,23
90,23
90.2,23
90.4,23
90.8,23
91,23
91.2,23
91.4,23
91.6,23
91.8,23
92,23
92.2,23
92.4,23
92.6,23
92.8,23
93,23
68.8,23.2
69,23.2
69.2,23.2
69.4,23.2
69.6,23.2
69.8,23.2
70,23.2
70.2,23.2
70.4,23.2
70.6,23.2
70.8,23.2
71,23.2
71.2,23.2
71.4,23.2
71.6,23.2
71.8,23.2
72,23.2
72.2,23.2
72.4,23.2
72.6,23.2
72.8,23.2
73,23.2
73.2,23.2
73.4,23.2
73.6,23.2
73.8,23.2
74,23.2
74.2,23.2
74.4,23.2
74.6,23.2
74.8,23.2
75,23.2
75.2,23.2
75.4,23.2
75.6,23.2
75.8,23.2
76,23.2
76.2,23.2
76.4,23.2
76.6,23.2
76.8,23.2
77,23.2
77.2,23.2
77.4,23.2
77.6,23.2
77.8,23.2
78,23.2
78.2,23.2
78.4,23.2
78.6,23.2
78.8,23.2
79,23.2
79.2,23.2
79.4,23.2
79.6,23.2
79.8,23.2
80,23.2
80.2,23.2
80.4,23.2
80.6,23.2
80.8,23.2
81,23.2
81.2,23.2
81.4,23.2
81.6,23.2
81.8,23.2
82,23.2
82.2,23.2
82.4,23.2
82.6,23.2
82.8,23.2
83,23.2
83.2,23.2
83.4,23.2
83.6,23.2
83.8,23.2
84,23.2
84.2,23.2
84.4,23.2
84.6,23.2
84.8,23.2
85,23.2
85.2,23.2
85.4,23.2
85.6,23.2
85.8,23.2
86,23.2
86.2,23.2
86.4,23.2
86.6,23.2
86.8,23.2
87,23.2
87.2,23.2
87.4,23.2
87.6,23.2
87.8,23.2
88,23.2
88.2,23.2
88.4,23.2
88.6,23.2
88.8,23.2
89,23.2
89.2,23.2
89.4,23.2
89.6,23.2
89.8,23.2
90,23.2
90.2,23.2
90.4,23.2
90.6,23.2
90.8,23.2
91,23.2
91.2,23.2
91.4,23.2
91.6,23.2
91.8,23.2
92,23.2
92.2,23.2
92.4,23.2
92.6,23.2
92.8,23.2
93,23.2
93.2,23.2
68.6,23.4
68.8,23.4
69,23.4
69.2,23.4
69.4,23.4
69.6,23.4
69.8,23.4
70,23.4
70.2,23.4
70.4,23.4
70.6,23.4
70.8,23.4
71,23.4
71.2,23.4
71.4,23.4
71.6,23.4
71.8,23.4
72,23.4
72.2,23.4
72.4,23.4
72.6,23.4
72.8,23.4
73,23.4
73.2,23.4
73.4,23.4
73.6,23.4
73.8,23.4
74,23.4
74.2,23.4
74.4,23.4
74.6,23.4
74.8,23.4
75,23.4
75.2,23.4
75.4,23.4
75.6,23.4
75.8,23.4
76,23.4
76.2,23.4
76.4,23.4
76.6,23.4
76.8,23.4
77,23.4
77.2,23.4
77.4,23.4
77.6,23.4
77.8,23.4
78,23.4
78.2,23.4
78.4,23.4
78.6,23.4
78.8,23.4
79,23.4
79.2,23.4
79.4,23.4
79.6,23.4
79.8,23.4
80,23.4
80.2,23.4
80.4,23.4
80.6,23.4
80.8,23.4
81,23.4
81.2,23.4
81.4,23.4
81.6,23.4
81.8,23.4
82,23.4
82.2,23.4
82.4,23.4
82.6,23.4
82.8,23.4
83,23.4
83.2,23.4
83.4,23.4
83.6,23.4
83.8,23.4
84,23.4
84.2,23.4
84.4,23.4
84.6,23.4
84.8,23.4
85,23.4
85.2,23.4
85.4,23.4
85.6,23.4
85.8,23.4
86,23.4
86.2,23.4
86.4,23.4
86.6,23.4
86.8,23.4
87,23.4
87.2,23.4
87.4,23.4
87.6,23.4
87.8,23.4
88,23.4
88.2,23.4
88.4,23.4
88.6,23.4
88.8,23.4
89,23.4
89.2,23.4
89.4,23.4
89.6,23.4
89.8,23.4
90,23.4
90.2,23.4
90.6,23.4
90.8,23.4
91,23.4
91.2,23.4
91.4,23.4
91.6,23.4
91.8,23.4
92,23.4
92.2,23.4
92.4,23.4
92.6,23.4
92.8,23.4
93,23.4
93.2,23.4
68.2,23.6
68.6,23.6
68.8,23.6
69,23.6
69.2,23.6
69.4,23.6
69.6,23.6
69.8,23.6
70,23.6
70.2,23.6
70.4,23.6
70.6,23.6
70.8,23.6
71,23.6
71.2,23.6
71.4,23.6
71.6,23.6
71.8,23.6
72,23.6
72.2,23.6
72.4,23.6
72.6,23.6
72.8,23.6
73,23.6
73.2,23.6
73.4,23.6
73.6,23.6
73.8,23.6
74,23.6
74.2,23.6
74.4,23.6
74.6,23.6
74.8,23.6
75,23.6
75.2,23.6
75.4,23.6
75.6,23.6
75.8,23.6
76,23.6
76.2,23.6
76.4,23.6
76.6,23.6
76.8,23.6
77,23.6
77.2,23.6
77.4,23.6
77.6,23.6
77.8,23.6
78,23.6
78.2,23.6
78.4,23.6
78.6,23.6
78.8,23.6
79,23.6
79.2,23.6
79.4,23.6
79.6,23.6
79.8,23.6
80,23.6
80.2,23.6
80.4,23.6
80.6,23.6
80.8,23.6
81,23.6
81.2,23.6
81.4,23.6
81.6,23.6
81.8,23.6
82,23.6
82.2,23.6
82.4,23.6
82.6,23.6
82.8,23.6
83,23.6
83.2,23.6
83.4,23.6
83.6,23.6
83.8,23.6
84,23.6
84.2,23.6
84.4,23.6
84.6,23.6
84.8,23.6
85,23.6
85.2,23.6
85.4,23.6
85.6,23.6
85.8,23.6
86,23.6
86.2,23.6
86.4,23.6
86.6,23.6
86.8,23.6
87,23.6
87.2,23.6
87.4,23.6
87.6,23.6
87.8,23.6
88,23.6
88.2,23.6
88.4,23.6
88.6,23.6
88.8,23.6
89,23.6
89.2,23.6
89.4,23.6
89.6,23.6
89.8,23.6
90,23.6
90.2,23.6
90.4,23.6
90.6,23.6
90.8,23.6
91,23.6
91.2,23.6
91.4,23.6
91.6,23.6
91.8,23.6
92,23.6
92.2,23.6
92.4,23.6
92.6,23.6
92.8,23.6
93,23.6
93.2,23.6
93.4,23.6
68.4,23.8
68.8,23.8
69,23.8
69.2,23.8
69.4,23.8
69.6,23.8
69.8,23.8
70,23.8
70.2,23.8
70.4,23.8
70.6,23.8
70.8,23.8
71,23.8
71.2,23.8
71.4,23.8
71.6,23.8
71.8,23.8
72,23.8
72.2,23.8
72.4,23.8
72.6,23.8
72.8,23.8
73,23.8
73.2,23.8
73.4,23.8
73.6,23.8
73.8,23.8
74,23.8
74.2,23.8
74.4,23.8
74.6,23.8
74.8,23.8
75,23.8
75.2,23.8
75.4,23.8
75.6,23.8
75.8,23.8
76,23.8
76.2,23.8
76.4,23.8
76.6,23.8
76.8,23.8
77,23.8
77.2,23.8
77.4,23.8
77.6,23.8
77.8,23.8
78,23.8
78.2,23.8
78.4,23.8
78.6,23.8
78.8,23.8
79,23.8
79.2,23.8
79.4,23.8
79.6,23.8
79.8,23.8
80,23.8
80.2,23.8
80.4,23.8
80.6,23.8
80.8,23.8
81,23.8
81.2,23.8
81.4,23.8
81.6,23.8
81.8,23.8
82,23.8
82.2,23.8
82.4,23.8
82.6,23.8
82.8,23.8
83,23.8
83.2,23.8
83.4,23.8
83.6,23.8
83.8,23.8
84,23.8
84.2,23.8
84.4,23.8
84.6,23.8
84.8,23.8
85,23.8
85.2,23.8
85.4,23.8
85.6,23.8
85.8,23.8
86,23.8
86.2,23.8
86.4,23.8
86.6,23.8
86.8,23.8
87,23.8
87.2,23.8
87.4,23.8
87.6,23.8
87.8,23.8
88,23.8
88.2,23.8
88.4,23.8
88.6,23.8
88.8,23.8
89,23.8
89.2,23.8
89.4,23.8
89.6,23.8
89.8,23.8
90,23.8
90.2,23.8
90.4,23.8
90.6,23.8
90.8,23.8
91,23.8
91.2,23.8
91.4,23.8
91.6,23.8
91.8,23.8
92,23.8
92.2,23.8
92.4,23.8
92.6,23.8
92.8,23.8
93,23.8
93.2,23.8
68.8,24
69,24
69.2,24
69.4,24
69.6,24
69.8,24
70,24
70.2,24
70.4,24
70.6,24
70.8,24
71,24
71.2,24
71.4,24
71.6,24
71.8,24
72,24
72.2,24
72.4,24
72.6,24
72.8,24
73,24
73.2,24
73.4,24
73.6,24
73.8,24
74,24
74.2,24
74.4,24
74.6,24
74.8,24
75,24
75.2,24
75.4,24
75.6,24
75.8,24
76,24
76.2,24
76.4,24
76.6,24
76.8,24
77,24
77.2,24
77.4,24
77.6,24
77.8,24
78,24
78.2,24
78.4,24
78.6,24
78.8,24
79,24
79.2,24
79.4,24
79.6,24
79.8,24
80,24
80.2,24
80.4,24
80.6,24
80.8,24
81,24
81.2,24
81.4,24
81.6,24
81.8,24
82,24
82.2,24
82.4,24
82.6,24
82.8,24
83,24
83.2,24
83.4,24
83.6,24
83.8,24
84,24
84.2,24
84.4,24
84.6,24
84.8,24
85,24
85.2,24
85.4,24
85.6,24
85.8,24
86,24
86.2,24
86.4,24
86.6,24
86.8,24
87,24
87.2,24
87.4,24
87.6,24
87.8,24
88,24
88.2,24
88.4,24
88.6,24
88.8,24
89,24
89.2,24
89.4,24
89.6,24
89.8,24
90,24
90.2,24
90.4,24
90.6,24
90.8,24
91,24
91.2,24
91.4,24
91.6,24
91.8,24
92,24
92.2,24
92.4,24
92.6,24
92.8,24
93,24
93.2,24
93.6,24
93.8,24
94,24
94.2,24
68.8,24.2
69,24.2
69.2,24.2
69.4,24.2
69.6,24.2
70.2,24.2
70.4,24.2
70.6,24.2
70.8,24.2
71,24.2
71.2,24.2
71.4,24.2
71.6,24.2
71.8,24.2
72,24.2
72.2,24.2
72.4,24.2
72.6,24.2
72.8,24.2
73,24.2
73.2,24.2
73.4,24.2
73.6,24.2
73.8,24.2
74,24.2
74.2,24.2
74.4,24.2
74.6,24.2
74.8,24.2
75,24.2
75.2,24.2
75.4,24.2
75.6,24.2
75.8,24.2
76,24.2
76.2,24.2
76.4,24.2
76.6,24.2
76.8,24.2
77,24.2
77.2,24.2
77.4,24.2
77.6,24.2
77.8,24.2
78,24.2
78.2,24.2
78.4,24.2
78.6,24.2
78.8,24.2
79,24.2
79.2,24.2
79.4,24.2
79.6,24.2
79.8,24.2
80,24.2
80.2,24.2
80.4,24.2
80.6,24.2
80.8,24.2
81,24.2
81.2,24.2
81.4,24.2
81.6,24.2
81.8,24.2
82,24.2
82.2,24.2
82.4,24.2
82.6,24.2
82.8,24.2
83,24.2
83.2,24.2
83.4,24.2
83.6,24.2
83.8,24.2
84,24.2
84.2,24.2
84.4,24.2
84.6,24.2
84.8,24.2
85,24.2
85.2,24.2
85.4,24.2
85.6,24.2
85.8,24.2
86,24.2
86.2,24.2
86.4,24.2
86.6,24.2
86.8,24.2
87,24.2
87.2,24.2
87.4,24.2
87.6,24.2
87.8,24.2
88,24.2
88.2,24.2
88.4,24.2
88.6,24.2
88.8,24.2
89,24.2
89.2,24.2
89.4,24.2
89.6,24.2
89.8,24.2
90,24.2
90.2,24.2
90.4,24.2
90.6,24.2
90.8,24.2
91,24.2
91.2,24.2
91.4,24.2
91.6,24.2
91.8,24.2
92,24.2
92.2,24.2
92.4,24.2
92.6,24.2
92.8,24.2
93,24.2
93.2,24.2
93.4,24.2
93.6,24.2
93.8,24.2
94,24.2
94.2,24.2
71.2,24.4
71.4,24.4
71.6,24.4
71.8,24.4
72,24.4
72.2,24.4
72.4,24.4
72.6,24.4
72.8,24.4
73,24.4
73.2,24.4
73.4,24.4
73.6,24.4
73.8,24.4
74,24.4
74.2,24.4
74.4,24.4
74.6,24.4
74.8,24.4
75,24.4
75.2,24.4
75.4,24.4
75.6,24.4
75.8,24.4
76,24.4
76.2,24.4
76.4,24.4
76.6,24.4
76.8,24.4
77,24.4
77.2,24.4
77.4,24.4
77.6,24.4
77.8,24.4
78,24.4
78.2,24.4
78.4,24.4
78.6,24.4
78.8,24.4
79,24.4
79.2,24.4
79.4,24.4
79.6,24.4
79.8,24.4
80,24.4
80.2,24.4
80.4,24.4
80.6,24.4
80.8,24.4
81,24.4
81.2,24.4
81.4,24.4
81.6,24.4
81.8,24.4
82,24.4
82.2,24.4
82.4,24.4
82.6,24.4
82.8,24.4
83,24.4
83.2,24.4
83.4,24.4
83.6,24.4
83.8,24.4
84,24.4
84.2,24.4
84.4,24.4
84.6,24.4
84.8,24.4
85,24.4
85.2,24.4
85.4,24.4
85.6,24.4
85.8,24.4
86,24.4
86.2,24.4
86.4,24.4
86.6,24.4
86.8,24.4
87,24.4
87.2,24.4
87.4,24.4
87.6,24.4
87.8,24.4
88,24.4
88.2,24.4
88.4,24.4
88.6,24.4
88.8,24.4
89,24.4
89.2,24.4
89.4,24.4
89.6,24.4
89.8,24.4
90,24.4
90.2,24.4
90.4,24.4
90.6,24.4
90.8,24.4
91,24.4
91.2,24.4
91.4,24.4
91.6,24.4
91.8,24.4
92,24.4
92.2,24.4
92.4,24.4
92.6,24.4
92.8,24.4
93,24.4
93.2,24.4
93.4,24.4
93.6,24.4
93.8,24.4
94,24.4
94.2,24.4
71,24.6
71.2,24.6
71.4,24.6
71.6,24.6
71.8,24.6
72,24.6
72.2,24.6
72.4,24.6
72.6,24.6
72.8,24.6
73,24.6
73.2,24.6
73.4,24.6
73.6,24.6
73.8,24.6
74,24.6
74.2,24.6
74.4,24.6
74.6,24.6
74.8,24.6
75,24.6
75.2,24.6
75.4,24.6
75.6,24.6
75.8,24.6
76,24.6
76.2,24.6
76.4,24.6
76.6,24.6
76.8,24.6
77,24.6
77.2,24.6
77.4,24.6
77.6,24.6
77.8,24.6
78,24.6
78.2,24.6
78.4,24.6
78.6,24.6
78.8,24.6
79,24.6
79.2,24.6
79.4,24.6
79.6,24.6
79.8,24.6
80,24.6
80.2,24.6
80.4,24.6
80.6,24.6
80.8,24.6
81,24.6
81.2,24.6
81.4,24.6
81.6,24.6
81.8,24.6
82,24.6
82.2,24.6
82.4,24.6
82.6,24.6
82.8,24.6
83,24.6
83.2,24.6
83.4,24.6
83.6,24.6
83.8,24.6
84,24.6
84.2,24.6
84.4,24.6
84.6,24.6
84.8,24.6
85,24.6
85.2,24.6
85.4,24.6
85.6,24.6
85.8,24.6
86,24.6
86.2,24.6
86.4,24.6
86.6,24.6
86.8,24.6
87,24.6
87.2,24.6
87.4,24.6
87.6,24.6
87.8,24.6
88,24.6
88.2,24.6
88.4,24.6
88.6,24.6
88.8,24.6
89,24.6
89.2,24.6
89.4,24.6
89.6,24.6
89.8,24.6
90,24.6
90.2,24.6
90.4,24.6
90.6,24.6
90.8,24.6
91,24.6
91.2,24.6
91.4,24.6
91.6,24.6
91.8,24.6
92,24.6
92.2,24.6
92.4,24.6
92.6,24.6
92.8,24.6
93,24.6
93.2,24.6
93.4,24.6
93.6,24.6
93.8,24.6
94,24.6
94.2,24.6
94.4,24.6
71.2,24.8
71.4,24.8
71.6,24.8
71.8,24.8
72,24.8
72.2,24.8
72.4,24.8
72.6,24.8
72.8,24.8
73,24.8
73.2,24.8
73.4,24.8
73.6,24.8
73.8,24.8
74,24.8
74.2,24.8
74.4,24.8
74.6,24.8
74.8,24.8
75,24.8
75.2,24.8
75.4,24.8
75.6,24.8
75.8,24.8
76,24.8
76.2,24.8
76.4,24.8
76.6,24.8
76.8,24.8
77,24.8
77.2,24.8
77.4,24.8
77.6,24.8
77.8,24.8
78,24.8
78.2,24.8
78.4,24.8
78.6,24.8
78.8,24.8
79,24.8
79.2,24.8
79.4,24.8
79.6,24.8
79.8,24.8
80,24.8
80.2,24.8
80.4,24.8
80.6,24.8
80.8,24.8
81,24.8
81.2,24.8
81.4,24.8
81.6,24.8
81.8,24.8
82,24.8
82.2,24.8
82.4,24.8
82.6,24.8
82.8,24.8
83,24.8
83.2,24.8
83.4,24.8
83.6,24.8
83.8,24.8
84,24.8
84.2,24.8
84.4,24.8
84.6,24.8
84.8,24.8
85,24.8
85.2,24.8
85.4,24.8
85.6,24.8
85.8,24.8
86,24.8
86.2,24.8
86.4,24.8
86.6,24.8
86.8,24.8
87,24.8
87.2,24.8
87.4,24.8
87.6,24.8
87.8,24.8
88,24.8
88.2,24.8
88.4,24.8
88.6,24.8
88.8,24.8
89,24.8
89.2,24.8
89.4,24.8
89.6,24.8
89.8,24.8
90,24.8
90.2,24.8
90.4,24.8
90.6,24.8
90.8,24.8
91,24.8
91.2,24.8
91.4,24.8
91.6,24.8
91.8,24.8
92,24.8
92.2,24.8
92.4,24.8
92.6,24.8
92.8,24.8
93,24.8
93.2,24.8
93.4,24.8
93.6,24.8
93.8,24.8
94,24.8
94.2,24.8
94.4,24.8
94.6,24.8
71,25
71.2,25
71.4,25
71.6,25
71.8,25
72,25
72.2,25
72.4,25
72.6,25
72.8,25
73,25
73.2,25
73.4,25
73.6,25
73.8,25
74,25
74.2,25
74.4,25
74.6,25
74.8,25
75,25
75.2,25
75.4,25
75.6,25
75.8,25
76,25
76.2,25
76.4,25
76.6,25
76.8,25
77,25
77.2,25
77.4,25
77.6,25
77.8,25
78,25
78.2,25
78.4,25
78.6,25
78.8,25
79,25
79.2,25
79.4,25
79.6,25
79.8,25
80,25
80.2,25
80.4,25
80.6,25
80.8,25
81,25
81.2,25
81.4,25
81.6,25
81.8,25
82,25
82.2,25
82.4,25
82.6,25
82.8,25
83,25
83.2,25
83.4,25
83.6,25
83.8,25
84,25
84.2,25
84.4,25
84.6,25
84.8,25
85,25
85.2,25
85.4,25
85.6,25
85.8,25
86,25
86.2,25
86.4,25
86.6,25
86.8,25
87,25
87.2,25
87.4,25
87.6,25
87.8,25
88,25
88.2,25
88.4,25
88.6,25
88.8,25
89,25
89.2,25
89.4,25
89.6,25
89.8,25
90,25
90.2,25
90.4,25
90.6,25
90.8,25
91,25
91.2,25
91.4,25
91.6,25
91.8,25
92,25
92.2,25
92.4,25
92.6,25
92.8,25
93,25
93.2,25
93.4,25
93.6,25
93.8,25
94,25
94.2,25
94.4,25
94.6,25
71,25.2
71.2,25.2
71.4,25.2
71.6,25.2
71.8,25.2
72,25.2
72.2,25.2
72.4,25.2
72.6,25.2
72.8,25.2
73,25.2
73.2,25.2
73.4,25.2
73.6,25.2
73.8,25.2
74,25.2
74.2,25.2
74.4,25.2
74.6,25.2
74.8,25.2
75,25.2
75.2,25.2
75.4,25.2
75.6,25.2
75.8,25.2
76,25.2
76.2,25.2
76.4,25.2
76.6,25.2
76.8,25.2
77,25.2
77.2,25.2
77.4,25.2
77.6,25.2
77.8,25.2
78,25.2
78.2,25.2
78.4,25.2
78.6,25.2
78.8,25.2
79,25.2
79.2,25.2
79.4,25.2
79.6,25.2
79.8,25.2
80,25.2
80.2,25.2
80.4,25.2
80.6,25.2
80.8,25.2
81,25.2
81.2,25.2
81.4,25.2
81.6,25.2
81.8,25.2
82,25.2
82.2,25.2
82.4,25.2
82.6,25.2
82.8,25.2
83,25.2
83.2,25.2
83.4,25.2
83.6,25.2
83.8,25.2
84,25.2
84.2,25.2
84.4,25.2
84.6,25.2
84.8,25.2
85,25.2
85.2,25.2
85.4,25.2
85.6,25.2
85.8,25.2
86,25.2
86.2,25.2
86.4,25.2
86.6,25.2
86.8,25.2
87,25.2
87.2,25.2
87.4,25.2
87.6,25.2
87.8,25.2
88,25.2
88.2,25.2
88.4,25.2
88.6,25.2
88.8,25.2
89,25.2
89.2,25.2
89.4,25.2
89.6,25.2
89.8,25.2
90,25.2
90.2,25.2
90.4,25.2
90.6,25.2
90.8,25.2
91,25.2
91.2,25.2
91.4,25.2
91.6,25.2
91.8,25.2
92,25.2
92.2,25.2
92.4,25.2
92.6,25.2
92.8,25.2
93,25.2
93.2,25.2
93.4,25.2
93.6,25.2
93.8,25.2
94,25.2
94.2,25.2
94.4,25.2
70.8,25.4
71,25.4
71.2,25.4
71.4,25.4
71.6,25.4
71.8,25.4
72,25.4
72.2,25.4
72.4,25.4
72.6,25.4
72.8,25.4
73,25.4
73.2,25.4
73.4,25.4
73.6,25.4
73.8,25.4
74,25.4
74.2,25.4
74.4,25.4
74.6,25.4
74.8,25.4
75,25.4
75.2,25.4
75.4,25.4
75.6,25.4
75.8,25.4
76,25.4
76.2,25.4
76.4,25.4
76.6,25.4
76.8,25.4
77,25.4
77.2,25.4
77.4,25.4
77.6,25.4
77.8,25.4
78,25.4
78.2,25.4
78.4,25.4
78.6,25.4
78.8,25.4
79,25.4
79.2,25.4
79.4,25.4
79.6,25.4
79.8,25.4
80,25.4
80.2,25.4
80.4,25.4
80.6,25.4
80.8,25.4
81,25.4
81.2,25.4
81.4,25.4
81.6,25.4
81.8,25.4
82,25.4
82.2,25.4
82.4,25.4
82.6,25.4
82.8,25.4
83,25.4
83.2,25.4
83.4,25.4
83.6,25.4
83.8,25.4
84,25.4
84.2,25.4
84.4,25.4
84.6,25.4
84.8,25.4
85,25.4
85.2,25.4
85.4,25.4
85.6,25.4
85.8,25.4
86,25.4
86.2,25.4
86.4,25.4
86.6,25.4
86.8,25.4
87,25.4
87.2,25.4
87.4,25.4
87.6,25.4
87.8,25.4
88,25.4
88.2,25.4
88.4,25.4
88.6,25.4
88.8,25.4
89,25.4
89.2,25.4
89.4,25.4
89.6,25.4
89.8,25.4
90,25.4
90.2,25.4
90.4,25.4
90.6,25.4
90.8,25.4
91,25.4
91.2,25.4
91.4,25.4
91.6,25.4
91.8,25.4
92,25.4
92.2,25.4
92.4,25.4
92.6,25.4
92.8,25.4
93,25.4
93.2,25.4
93.4,25.4
93.6,25.4
93.8,25.4
94,25.4
94.2,25.4
94.4,25.4
94.6,25.4
70.8,25.6
71,25.6
71.2,25.6
71.4,25.6
71.6,25.6
71.8,25.6
72,25.6
72.2,25.6
72.4,25.6
72.6,25.6
72.8,25.6
73,25.6
73.2,25.6
73.4,25.6
73.6,25.6
73.8,25.6
74,25.6
74.2,25.6
74.4,25.6
74.6,25.6
74.8,25.6
75,25.6
75.2,25.6
75.4,25.6
75.6,25.6
75.8,25.6
76,25.6
76.2,25.6
76.4,25.6
76.6,25.6
76.8,25.6
77,25.6
77.2,25.6
77.4,25.6
77.6,25.6
77.8,25.6
78,25.6
78.2,25.6
78.4,25.6
78.6,25.6
78.8,25.6
79,25.6
79.2,25.6
79.4,25.6
79.6,25.6
79.8,25.6
80,25.6
80.2,25.6
80.4,25.6
80.6,25.6
80.8,25.6
81,25.6
81.2,25.6
81.4,25.6
81.6,25.6
81.8,25.6
82,25.6
82.2,25.6
82.4,25.6
82.6,25.6
82.8,25.6
83,25.6
83.2,25.6
83.4,25.6
83.6,25.6
83.8,25.6
84,25.6
84.2,25.6
84.4,25.6
84.6,25.6
84.8,25.6
85,25.6
85.2,25.6
85.4,25.6
85.6,25.6
85.8,25.6
86,25.6
86.2,25.6
86.4,25.6
86.6,25.6
86.8,25.6
87,25.6
87.2,25.6
87.4,25.6
87.6,25.6
87.8,25.6
88,25.6
88.2,25.6
88.4,25.6
88.6,25.6
88.8,25.6
89,25.6
89.2,25.6
89.4,25.6
89.6,25.6
89.8,25.6
90,25.6
90.2,25.6
90.4,25.6
90.6,25.6
90.8,25.6
91,25.6
91.2,25.6
91.4,25.6
91.6,25.6
91.8,25.6
92,25.6
92.2,25.6
92.4,25.6
92.6,25.6
92.8,25.6
93,25.6
93.2,25.6
93.4,25.6
93.6,25.6
93.8,25.6
94,25.6
94.2,25.6
94.4,25.6
94.6,25.6
94.8,25.6
70.4,25.8
70.6,25.8
70.8,25.8
71,25.8
71.2,25.8
71.4,25.8
71.6,25.8
71.8,25.8
72,25.8
72.2,25.8
72.4,25.8
72.6,25.8
72.8,25.8
73,25.8
73.2,25.8
73.4,25.8
73.6,25.8
73.8,25.8
74,25.8
74.2,25.8
74.4,25.8
74.6,25.8
74.8,25.8
75,25.8
75.2,25.8
75.4,25.8
75.6,25.8
75.8,25.8
76,25.8
76.2,25.8
76.4,25.8
76.6,25.8
76.8,25.8
77,25.8
77.2,25.8
77.4,25.8
77.6,25.8
77.8,25.8
78,25.8
78.2,25.8
78.4,25.8
78.6,25.8
78.8,25.8
79,25.8
79.2,25.8
79.4,25.8
79.6,25.8
79.8,25.8
80,25.8
80.2,25.8
80.4,25.8
80.6,25.8
80.8,25.8
81,25.8
81.2,25.8
81.4,25.8
81.6,25.8
81.8,25.8
82,25.8
82.2,25.8
82.4,25.8
82.6,25.8
82.8,25.8
83,25.8
83.2,25.8
83.4,25.8
83.6,25.8
83.8,25.8
84,25.8
84.2,25.8
84.4,25.8
84.6,25.8
84.8,25.8
85,25.8
85.2,25.8
85.4,25.8
85.6,25.8
85.8,25.8
86,25.8
86.2,25.8
86.4,25.8
86.6,25.8
86.8,25.8
87,25.8
87.2,25.8
87.4,25.8
87.6,25.8
87.8,25.8
88,25.8
88.2,25.8
88.4,25.8
88.6,25.8
88.8,25.8
89,25.8
89.2,25.8
89.4,25.8
89.6,25.8
89.8,25.8
90,25.8
90.2,25.8
90.4,25.8
90.6,25.8
90.8,25.8
91,25.8
91.2,25.8
91.4,25.8
91.6,25.8
91.8,25.8
92,25.8
92.2,25.8
92.4,25.8
92.6,25.8
92.8,25.8
93,25.8
93.2,25.8
93.4,25.8
93.6,25.8
93.8,25.8
94,25.8
94.2,25.8
94.4,25.8
94.6,25.8
94.8,25.8
95,25.8
70.2,26
70.4,26
70.6,26
70.8,26
71,26
71.2,26
71.4,26
71.6,26
71.8,26
72,26
72.2,26
72.4,26
72.6,26
72.8,26
73,26
73.2,26
73.4,26
73.6,26
73.8,26
74,26
74.2,26
74.4,26
74.6,26
74.8,26
75,26
75.2,26
75.4,26
75.6,26
75.8,26
76,26
76.2,26
76.4,26
76.6,26
76.8,26
77,26
77.2,26
77.4,26
77.6,26
77.8,26
78,26
78.2,26
78.4,26
78.6,26
78.8,26
79,26
79.2,26
79.4,26
79.6,26
79.8,26
80,26
80.2,26
80.4,26
80.6,26
80.8,26
81,26
81.2,26
81.4,26
81.6,26
81.8,26
82,26
82.2,26
82.4,26
82.6,26
82.8,26
83,26
83.2,26
83.4,26
83.6,26
83.8,26
84,26
84.2,26
84.4,26
84.6,26
84.8,26
85,26
85.2,26
85.4,26
85.6,26
85.8,26
86,26
86.2,26
86.4,26
86.6,26
86.8,26
87,26
87.2,26
87.4,26
87.6,26
87.8,26
88,26
88.2,26
88.4,26
88.6,26
88.8,26
89,26
89.2,26
89.4,26
89.6,26
89.8,26
90,26
90.2,26
90.4,26
90.6,26
90.8,26
91,26
91.2,26
91.4,26
91.6,26
91.8,26
92,26
92.2,26
92.4,26
92.6,26
92.8,26
93,26
93.2,26
93.4,26
93.6,26
93.8,26
94,26
94.2,26
94.4,26
94.6,26
94.8,26
95,26
70.2,26.2
70.4,26.2
70.6,26.2
70.8,26.2
71,26.2
71.2,26.2
71.4,26.2
71.6,26.2
71.8,26.2
72,26.2
72.2,26.2
72.4,26.2
72.6,26.2
72.8,26.2
73,26.2
73.2,26.2
73.4,26.2
73.6,26.2
73.8,26.2
74,26.2
74.2,26.2
74.4,26.2
74.6,26.2
74.8,26.2
75,26.2
75.2,26.2
75.4,26.2
75.6,26.2
75.8,26.2
76,26.2
76.2,26.2
76.4,26.2
76.6,26.2
76.8,26.2
77,26.2
77.2,26.2
77.4,26.2
77.6,26.2
77.8,26.2
78,26.2
78.2,26.2
78.4,26.2
78.6,26.2
78.8,26.2
79,26.2
79.2,26.2
79.4,26.2
79.6,26.2
79.8,26.2
80,26.2
80.2,26.2
80.4,26.2
80.6,26.2
80.8,26.2
81,26.2
81.2,26.2
81.4,26.2
81.6,26.2
81.8,26.2
82,26.2
82.2,26.2
82.4,26.2
82.6,26.2
82.8,26.2
83,26.2
83.2,26.2
83.4,26.2
83.6,26.2
83.8,26.2
84,26.2
84.2,26.2
84.4,26.2
84.6,26.2
84.8,26.2
85,26.2
85.2,26.2
85.4,26.2
85.6,26.2
85.8,26.2
86,26.2
86.2,26.2
86.4,26.2
86.6,26.2
86.8,26.2
87,26.2
87.2,26.2
87.4,26.2
87.6,26.2
87.8,26.2
88,26.2
88.2,26.2
88.4,26.2
88.6,26.2
88.8,26.2
89,26.2
89.2,26.2
89.4,26.2
89.6,26.2
89.8,26.2
90,26.2
90.2,26.2
90.4,26.2
90.6,26.2
90.8,26.2
91,26.2
91.2,26.2
91.4,26.2
91.6,26.2
91.8,26.2
92,26.2
92.2,26.2
92.4,26.2
92.6,26.2
92.8,26.2
93,26.2
93.2,26.2
93.4,26.2
93.6,26.2
93.8,26.2
94,26.2
94.2,26.2
94.4,26.2
94.6,26.2
94.8,26.2
95,26.2
70.2,26.4
70.4,26.4
70.6,26.4
70.8,26.4
71,26.4
71.2,26.4
71.4,26.4
71.6,26.4
71.8,26.4
72,26.4
72.2,26.4
72.4,26.4
72.6,26.4
72.8,26.4
73,26.4
73.2,26.4
73.4,26.4
73.6,26.4
73.8,26.4
74,26.4
74.2,26.4
74.4,26.4
74.6,26.4
74.8,26.4
75,26.4
75.2,26.4
75.4,26.4
75.6,26.4
75.8,26.4
76,26.4
76.2,26.4
76.4,26.4
76.6,26.4
76.8,26.4
77,26.4
77.2,26.4
77.4,26.4
77.6,26.4
77.8,26.4
78,26.4
78.2,26.4
78.4,26.4
78.6,26.4
78.8,26.4
79,26.4
79.2,26.4
79.4,26.4
79.6,26.4
79.8,26.4
80,26.4
80.2,26.4
80.4,26.4
80.6,26.4
80.8,26.4
81,26.4
81.2,26.4
81.4,26.4
81.6,26.4
81.8,26.4
82,26.4
82.2,26.4
82.4,26.4
82.6,26.4
82.8,26.4
83,26.4
83.2,26.4
83.4,26.4
83.6,26.4
83.8,26.4
84,26.4
84.2,26.4
84.4,26.4
84.6,26.4
84.8,26.4
85,26.4
85.2,26.4
85.4,26.4
85.6,26.4
85.8,26.4
86,26.4
86.2,26.4
86.4,26.4
86.6,26.4
86.8,26.4
87,26.4
87.2,26.4
87.4,26.4
87.6,26.4
87.8,26.4
88,26.4
88.2,26.4
88.4,26.4
88.6,26.4
88.8,26.4
89,26.4
89.2,26.4
89.4,26.4
89.6,26.4
89.8,26.4
90,26.4
90.2,26.4
90.4,26.4
90.6,26.4
90.8,26.4
91,26.4
91.2,26.4
91.4,26.4
91.6,26.4
91.8,26.4
92,26.4
92.2,26.4
92.4,26.4
92.6,26.4
92.8,26.4
93,26.4
93.2,26.4
93.4,26.4
93.6,26.4
93.8,26.4
94,26.4
94.2,26.4
94.4,26.4
94.6,26.4
94.8,26.4
95,26.4
69.8,26.6
70,26.6
70.2,26.6
70.4,26.6
70.6,26.6
70.8,26.6
71,26.6
71.2,26.6
71.4,26.6
71.6,26.6
71.8,26.6
72,26.6
72.2,26.6
72.4,26.6
72.6,26.6
72.8,26.6
73,26.6
73.2,26.6
73.4,26.6
73.6,26.6
73.8,26.6
74,26.6
74.2,26.6
74.4,26.6
74.6,26.6
74.8,26.6
75,26.6
75.2,26.6
75.4,26.6
75.6,26.6
75.8,26.6
76,26.6
76.2,26.6
76.4,26.6
76.6,26.6
76.8,26.6
77,26.6
77.2,26.6
77.4,26.6
77.6,26.6
77.8,26.6
78,26.6
78.2,26.6
78.4,26.6
78.6,26.6
78.8,26.6
79,26.6
79.2,26.6
79.4,26.6
79.6,26.6
79.8,26.6
80,26.6
80.2,26.6
80.4,26.6
80.6,26.6
80.8,26.6
81,26.6
81.2,26.6
81.4,26.6
81.6,26.6
81.8,26.6
82,26.6
82.2,26.6
82.4,26.6
82.6,26.6
82.8,26.6
83,26.6
83.2,26.6
83.4,26.6
83.6,26.6
83.8,26.6
84,26.6
84.2,26.6
84.4,26.6
84.6,26.6
84.8,26.6
85,26.6
85.2,26.6
85.4,26.6
85.6,26.6
85.8,26.6
86,26.6
86.2,26.6
86.4,26.6
86.6,26.6
86.8,26.6
87,26.6
87.2,26.6
87.4,26.6
87.6,26.6
87.8,26.6
88,26.6
88.2,26.6
88.4,26.6
88.6,26.6
88.8,26.6
89,26.6
89.2,26.6
89.4,26.6
89.6,26.6
89.8,26.6
90,26.6
90.2,26.6
90.4,26.6
90.6,26.6
90.8,26.6
91,26.6
91.2,26.6
91.4,26.6
91.6,26.6
91.8,26.6
92,26.6
92.2,26.6
92.4,26.6
92.6,26.6
92.8,26.6
93,26.6
93.2,26.6
93.4,26.6
93.6,26.6
93.8,26.6
94,26.6
94.2,26.6
94.4,26.6
94.6,26.6
94.8,26.6
95,26.6
69.6,26.8
69.8,26.8
70,26.8
70.2,26.8
70.4,26.8
70.6,26.8
70.8,26.8
71,26.8
71.2,26.8
71.4,26.8
71.6,26.8
71.8,26.8
72,26.8
72.2,26.8
72.4,26.8
72.6,26.8
72.8,26.8
73,26.8
73.2,26.8
73.4,26.8
73.6,26.8
73.8,26.8
74,26.8
74.2,26.8
74.4,26.8
74.6,26.8
74.8,26.8
75,26.8
75.2,26.8
75.4,26.8
75.6,26.8
75.8,26.8
76,26.8
76.2,26.8
76.4,26.8
76.6,26.8
76.8,26.8
77,26.8
77.2,26.8
77.4,26.8
77.6,26.8
77.8,26.8
78,26.8
78.2,26.8
78.4,26.8
78.6,26.8
78.8,26.8
79,26.8
79.2,26.8
79.4,26.8
79.6,26.8
79.8,26.8
80,26.8
80.2,26.8
80.4,26.8
80.6,26.8
80.8,26.8
81,26.8
81.2,26.8
81.4,26.8
81.6,26.8
81.8,26.8
82,26.8
82.2,26.8
82.4,26.8
82.6,26.8
82.8,26.8
83,26.8
83.2,26.8
83.4,26.8
83.6,26.8
83.8,26.8
84,26.8
84.2,26.8
84.4,26.8
84.6,26.8
84.8,26.8
85,26.8
85.2,26.8
85.4,26.8
85.6,26.8
85.8,26.8
86,26.8
86.2,26.8
86.4,26.8
86.6,26.8
86.8,26.8
87,26.8
87.2,26.8
87.4,26.8
87.6,26.8
87.8,26.8
88,26.8
88.2,26.8
88.4,26.8
88.6,26.8
88.8,26.8
89,26.8
89.2,26.8
89.4,26.8
89.6,26.8
89.8,26.8
90,26.8
90.2,26.8
90.4,26.8
90.6,26.8
90.8,26.8
91,26.8
91.2,26.8
91.4,26.8
91.6,26.8
91.8,26.8
92,26.8
92.2,26.8
92.4,26.8
92.6,26.8
92.8,26.8
93,26.8
93.2,26.8
93.4,26.8
93.6,26.8
93.8,26.8
94,26.8
94.2,26.8
94.4,26.8
94.6,26.8
94.8,26.8
95,26.8
95.2,26.8
95.4,26.8
69.6,27
69.8,27
70,27
70.2,27
70.4,27
70.6,27
70.8,27
71,27
71.2,27
71.4,27
71.6,27
71.8,27
72,27
72.2,27
72.4,27
72.6,27
72.8,27
73,27
73.2,27
73.4,27
73.6,27
73.8,27
74,27
74.2,27
74.4,27
74.6,27
74.8,27
75,27
75.2,27
75.4,27
75.6,27
75.8,27
76,27
76.2,27
76.4,27
76.6,27
76.8,27
77,27
77.2,27
77.4,27
77.6,27
77.8,27
78,27
78.2,27
78.4,27
78.6,27
78.8,27
79,27
79.2,27
79.4,27
79.6,27
79.8,27
80,27
80.2,27
80.4,27
80.6,27
80.8,27
81,27
81.2,27
81.4,27
81.6,27
81.8,27
82,27
82.2,27
82.4,27
82.6,27
82.8,27
83,27
83.2,27
83.4,27
83.6,27
83.8,27
84,27
84.2,27
84.4,27
84.6,27
84.8,27
85,27
85.2,27
85.4,27
85.6,27
85.8,27
86,27
86.2,27
86.4,27
86.6,27
86.8,27
87,27
87.2,27
87.4,27
87.6,27
87.8,27
88,27
88.2,27
88.4,27
88.6,27
88.8,27
89,27
89.2,27
89.4,27
89.6,27
89.8,27
90,27
90.2,27
90.4,27
90.6,27
90.8,27
91,27
91.2,27
91.4,27
91.6,27
91.8,27
92,27
92.2,27
92.4,27
92.6,27
92.8,27
93,27
93.2,27
93.4,27
93.6,27
93.8,27
94,27
94.2,27
94.4,27
94.6,27
94.8,27
95,27
95.2,27
95.4,27
95.6,27
95.8,27
69.8,27.2
70,27.2
70.2,27.2
70.4,27.2
70.6,27.2
70.8,27.2
71,27.2
71.2,27.2
71.4,27.2
71.6,27.2
71.8,27.2
72,27.2
72.2,27.2
72.4,27.2
72.6,27.2
72.8,27.2
73,27.2
73.2,27.2
73.4,27.2
73.6,27.2
73.8,27.2
74,27.2
74.2,27.2
74.4,27.2
74.6,27.2
74.8,27.2
75,27.2
75.2,27.2
75.4,27.2
75.6,27.2
75.8,27.2
76,27.2
76.2,27.2
76.4,27.2
76.6,27.2
76.8,27.2
77,27.2
77.2,27.2
77.4,27.2
77.6,27.2
77.8,27.2
78,27.2
78.2,27.2
78.4,27.2
78.6,27.2
78.8,27.2
79,27.2
79.2,27.2
79.4,27.2
79.6,27.2
79.8,27.2
80,27.2
80.2,27.2
80.4,27.2
80.6,27.2
80.8,27.2
81,27.2
81.2,27.2
81.4,27.2
81.6,27.2
81.8,27.2
82,27.2
82.2,27.2
82.4,27.2
82.6,27.2
82.8,27.2
83,27.2
83.2,27.2
83.4,27.2
83.6,27.2
83.8,27.2
84,27.2
84.2,27.2
84.4,27.2
84.6,27.2
84.8,27.2
85,27.2
85.2,27.2
85.4,27.2
85.6,27.2
85.8,27.2
86,27.2
86.2,27.2
86.4,27.2
86.6,27.2
86.8,27.2
87,27.2
87.2,27.2
87.4,27.2
87.6,27.2
87.8,27.2
88,27.2
88.2,27.2
88.4,27.2
88.6,27.2
88.8,27.2
89,27.2
89.2,27.2
89.4,27.2
89.6,27.2
89.8,27.2
90,27.2
90.2,27.2
90.4,27.2
90.6,27.2
90.8,27.2
91,27.2
91.2,27.2
91.4,27.2
91.6,27.2
91.8,27.2
92,27.2
92.2,27.2
92.4,27.2
92.6,27.2
92.8,27.2
93,27.2
93.2,27.2
93.4,27.2
93.6,27.2
93.8,27.2
94,27.2
94.2,27.2
94.4,27.2
94.6,27.2
94.8,27.2
95,27.2
95.2,27.2
95.4,27.2
95.6,27.2
95.8,27.2
96,27.2
97,27.2
70,27.4
70.2,27.4
70.4,27.4
70.6,27.4
70.8,27.4
71,27.4
71.2,27.4
71.4,27.4
71.6,27.4
71.8,27.4
72,27.4
72.2,27.4
72.4,27.4
72.6,27.4
72.8,27.4
73,27.4
73.2,27.4
73.4,27.4
73.6,27.4
73.8,27.4
74,27.4
74.2,27.4
74.4,27.4
74.6,27.4
74.8,27.4
75,27.4
75.2,27.4
75.4,27.4
75.6,27.4
75.8,27.4
76,27.4
76.2,27.4
76.4,27.4
76.6,27.4
76.8,27.4
77,27.4
77.2,27.4
77.4,27.4
77.6,27.4
77.8,27.4
78,27.4
78.2,27.4
78.4,27.4
78.6,27.4
78.8,27.4
79,27.4
79.2,27.4
79.4,27.4
79.6,27.4
79.8,27.4
80,27.4
80.2,27.4
80.4,27.4
80.6,27.4
80.8,27.4
81,27.4
81.2,27.4
81.4,27.4
81.6,27.4
81.8,27.4
82,27.4
82.2,27.4
82.4,27.4
82.6,27.4
82.8,27.4
83,27.4
83.2,27.4
83.4,27.4
83.6,27.4
83.8,27.4
84,27.4
84.2,27.4
84.4,27.4
84.6,27.4
84.8,27.4
85,27.4
85.2,27.4
85.4,27.4
85.6,27.4
85.8,27.4
86,27.4
86.2,27.4
86.4,27.4
86.6,27.4
86.8,27.4
87,27.4
87.2,27.4
87.4,27.4
87.6,27.4
87.8,27.4
88,27.4
88.2,27.4
88.4,27.4
88.6,27.4
88.8,27.4
89,27.4
89.2,27.4
89.4,27.4
89.6,27.4
89.8,27.4
90,27.4
90.2,27.4
90.4,27.4
90.6,27.4
90.8,27.4
91,27.4
91.2,27.4
91.4,27.4
91.6,27.4
91.8,27.4
92,27.4
92.2,27.4
92.4,27.4
92.6,27.4
92.8,27.4
93,27.4
93.2,27.4
93.4,27.4
93.6,27.4
93.8,27.4
94,27.4
94.2,27.4
94.4,27.4
94.6,27.4
94.8,27.4
95,27.4
95.2,27.4
95.4,27.4
95.6,27.4
95.8,27.4
96,27.4
96.2,27.4
96.4,27.4
96.6,27.4
96.8,27.4
70.2,27.6
70.4,27.6
70.6,27.6
70.8,27.6
71,27.6
71.2,27.6
71.4,27.6
71.6,27.6
71.8,27.6
72,27.6
72.2,27.6
72.4,27.6
72.6,27.6
72.8,27.6
73,27.6
73.2,27.6
73.4,27.6
73.6,27.6
73.8,27.6
74,27.6
74.2,27.6
74.4,27.6
74.6,27.6
74.8,27.6
75,27.6
75.2,27.6
75.4,27.6
75.6,27.6
75.8,27.6
76,27.6
76.2,27.6
76.4,27.6
76.6,27.6
76.8,27.6
77,27.6
77.2,27.6
77.4,27.6
77.6,27.6
77.8,27.6
78,27.6
78.2,27.6
78.4,27.6
78.6,27.6
78.8,27.6
79,27.6
79.2,27.6
79.4,27.6
79.6,27.6
79.8,27.6
80,27.6
80.2,27.6
80.4,27.6
80.6,27.6
80.8,27.6
81,27.6
81.2,27.6
81.4,27.6
81.6,27.6
81.8,27.6
82,27.6
82.2,27.6
82.4,27.6
82.6,27.6
82.8,27.6
83,27.6
83.2,27.6
83.4,27.6
83.6,27.6
83.8,27.6
84,27.6
84.2,27.6
84.4,27.6
84.6,27.6
84.8,27.6
85,27.6
85.2,27.6
85.4,27.6
85.6,27.6
85.8,27.6
86,27.6
86.2,27.6
86.4,27.6
86.6,27.6
86.8,27.6
87,27.6
87.2,27.6
87.4,27.6
87.6,27.6
87.8,27.6
88,27.6
88.2,27.6
88.4,27.6
88.6,27.6
89.2,27.6
89.4,27.6
89.6,27.6
89.8,27.6
90,27.6
90.2,27.6
90.4,27.6
90.6,27.6
90.8,27.6
91,27.6
91.2,27.6
91.4,27.6
91.6,27.6
91.8,27.6
92,27.6
92.2,27.6
92.4,27.6
92.6,27.6
92.8,27.6
93,27.6
93.2,27.6
93.4,27.6
93.6,27.6
93.8,27.6
94,27.6
94.2,27.6
94.4,27.6
94.6,27.6
94.8,27.6
95,27.6
95.2,27.6
95.4,27.6
95.6,27.6
95.8,27.6
96,27.6
96.2,27.6
96.4,27.6
96.6,27.6
96.8,27.6
70.2,27.8
70.4,27.8
70.6,27.8
71.2,27.8
71.4,27.8
71.6,27.8
71.8,27.8
72,27.8
72.2,27.8
72.4,27.8
72.6,27.8
72.8,27.8
73,27.8
73.2,27.8
73.4,27.8
73.6,27.8
73.8,27.8
74,27.8
74.2,27.8
74.4,27.8
74.6,27.8
74.8,27.8
75,27.8
75.2,27.8
75.4,27.8
75.6,27.8
75.8,27.8
76,27.8
76.2,27.8
76.4,27.8
76.6,27.8
76.8,27.8
77,27.8
77.2,27.8
77.4,27.8
77.6,27.8
77.8,27.8
78,27.8
78.2,27.8
78.4,27.8
78.6,27.8
78.8,27.8
79,27.8
79.2,27.8
79.4,27.8
79.6,27.8
79.8,27.8
80,27.8
80.2,27.8
80.4,27.8
80.6,27.8
80.8,27.8
81,27.8
81.2,27.8
81.4,27.8
81.6,27.8
81.8,27.8
82,27.8
82.2,27.8
82.4,27.8
82.6,27.8
82.8,27.8
83,27.8
83.2,27.8
83.4,27.8
83.6,27.8
83.8,27.8
84,27.8
84.2,27.8
84.4,27.8
84.6,27.8
84.8,27.8
85,27.8
85.2,27.8
85.4,27.8
85.6,27.8
85.8,27.8
86,27.8
86.2,27.8
86.4,27.8
86.6,27.8
86.8,27.8
87,27.8
87.2,27.8
87.4,27.8
87.6,27.8
87.8,27.8
88,27.8
88.2,27.8
88.4,27.8
88.6,27.8
88.8,27.8
89.4,27.8
89.6,27.8
89.8,27.8
90,27.8
90.2,27.8
90.4,27.8
90.6,27.8
90.8,27.8
91,27.8
91.2,27.8
91.4,27.8
91.6,27.8
92.2,27.8
92.4,27.8
92.6,27.8
92.8,27.8
93,27.8
93.2,27.8
93.4,27.8
93.6,27.8
93.8,27.8
94,27.8
94.2,27.8
94.4,27.8
94.6,27.8
94.8,27.8
95,27.8
95.2,27.8
95.4,27.8
95.6,27.8
95.8,27.8
96,27.8
96.2,27.8
96.4,27.8
96.6,27.8
96.8,27.8
97,27.8
70.4,28
72,28
72.2,28
72.4,28
72.6,28
72.8,28
73,28
73.2,28
73.4,28
73.6,28
73.8,28
74,28
74.2,28
74.4,28
74.6,28
74.8,28
75,28
75.2,28
75.4,28
75.6,28
75.8,28
76,28
76.2,28
76.4,28
76.6,28
76.8,28
77,28
77.2,28
77.4,28
77.6,28
77.8,28
78,28
78.2,28
78.4,28
78.6,28
78.8,28
79,28
79.2,28
79.4,28
79.6,28
79.8,28
80,28
80.2,28
80.4,28
80.6,28
80.8,28
81,28
81.2,28
81.4,28
81.6,28
81.8,28
82,28
82.2,28
82.4,28
82.6,28
82.8,28
83,28
83.2,28
83.4,28
83.6,28
83.8,28
84,28
84.2,28
84.4,28
84.6,28
84.8,28
85,28
85.2,28
85.4,28
85.6,28
85.8,28
86.2,28
86.6,28
86.8,28
88.6,28
88.8,28
89.6,28
89.8,28
90,28
90.2,28
90.4,28
90.6,28
90.8,28
91.2,28
91.4,28
92.8,28
93,28
93.2,28
93.4,28
93.6,28
93.8,28
94,28
94.2,28
94.4,28
94.6,28
94.8,28
95,28
95.2,28
95.4,28
95.6,28
95.8,28
96,28
96.2,28
96.4,28
96.6,28
96.8,28
97,28
97.2,28
72,28.2
72.2,28.2
72.4,28.2
72.6,28.2
72.8,28.2
73,28.2
73.2,28.2
73.4,28.2
73.6,28.2
73.8,28.2
74,28.2
74.2,28.2
74.4,28.2
74.6,28.2
74.8,28.2
75,28.2
75.2,28.2
75.4,28.2
75.6,28.2
75.8,28.2
76,28.2
76.2,28.2
76.4,28.2
76.6,28.2
76.8,28.2
77,28.2
77.2,28.2
77.4,28.2
77.6,28.2
77.8,28.2
78,28.2
78.2,28.2
78.4,28.2
78.6,28.2
78.8,28.2
79,28.2
79.2,28.2
79.4,28.2
79.6,28.2
79.8,28.2
80,28.2
80.2,28.2
80.4,28.2
80.6,28.2
80.8,28.2
81,28.2
81.2,28.2
81.4,28.2
81.6,28.2
81.8,28.2
82,28.2
82.2,28.2
82.4,28.2
82.6,28.2
82.8,28.2
83,28.2
83.2,28.2
83.4,28.2
83.6,28.2
83.8,28.2
84,28.2
84.2,28.2
84.4,28.2
84.6,28.2
84.8,28.2
85,28.2
85.2,28.2
85.4,28.2
85.6,28.2
89.8,28.2
90,28.2
90.2,28.2
93,28.2
93.2,28.2
93.4,28.2
93.6,28.2
93.8,28.2
94,28.2
94.2,28.2
94.4,28.2
94.6,28.2
94.8,28.2
95,28.2
95.2,28.2
95.4,28.2
95.6,28.2
95.8,28.2
96,28.2
96.2,28.2
96.4,28.2
96.6,28.2
96.8,28.2
97,28.2
97.2,28.2
72.4,28.4
72.6,28.4
72.8,28.4
73,28.4
73.2,28.4
73.4,28.4
73.6,28.4
73.8,28.4
74,28.4
74.2,28.4
74.4,28.4
74.6,28.4
74.8,28.4
75,28.4
75.2,28.4
75.4,28.4
75.6,28.4
75.8,28.4
76,28.4
76.2,28.4
76.4,28.4
76.6,28.4
76.8,28.4
77,28.4
77.2,28.4
77.4,28.4
77.6,28.4
77.8,28.4
78,28.4
78.2,28.4
78.4,28.4
78.6,28.4
78.8,28.4
79,28.4
79.2,28.4
79.4,28.4
79.6,28.4
79.8,28.4
80,28.4
80.2,28.4
80.4,28.4
80.6,28.4
80.8,28.4
81,28.4
81.2,28.4
81.4,28.4
81.6,28.4
81.8,28.4
82,28.4
82.2,28.4
82.4,28.4
82.6,28.4
82.8,28.4
83,28.4
83.2,28.4
83.4,28.4
83.6,28.4
83.8,28.4
84,28.4
84.2,28.4
84.4,28.4
84.6,28.4
84.8,28.4
85,28.4
93.4,28.4
93.6,28.4
93.8,28.4
94,28.4
94.2,28.4
94.4,28.4
94.6,28.4
94.8,28.4
95,28.4
95.2,28.4
95.4,28.4
95.6,28.4
95.8,28.4
96,28.4
96.2,28.4
96.6,28.4
72.4,28.6
72.6,28.6
72.8,28.6
73,28.6
73.2,28.6
73.4,28.6
73.6,28.6
73.8,28.6
74,28.6
74.2,28.6
74.4,28.6
74.6,28.6
74.8,28.6
75,28.6
75.2,28.6
75.4,28.6
75.6,28.6
75.8,28.6
76,28.6
76.2,28.6
76.4,28.6
76.6,28.6
76.8,28.6
77,28.6
77.2,28.6
77.4,28.6
77.6,28.6
77.8,28.6
78,28.6
78.2,28.6
78.4,28.6
78.6,28.6
78.8,28.6
79,28.6
79.2,28.6
79.4,28.6
79.6,28.6
79.8,28.6
80,28.6
80.2,28.6
80.4,28.6
80.6,28.6
80.8,28.6
81,28.6
81.2,28.6
81.4,28.6
81.6,28.6
81.8,28.6
82,28.6
82.2,28.6
82.4,28.6
82.6,28.6
82.8,28.6
83,28.6
83.2,28.6
83.4,28.6
83.6,28.6
83.8,28.6
84,28.6
84.2,28.6
84.4,28.6
84.6,28.6
93.4,28.6
93.6,28.6
93.8,28.6
94,28.6
94.2,28.6
94.4,28.6
94.6,28.6
94.8,28.6
95,28.6
95.2,28.6
95.4,28.6
95.6,28.6
95.8,28.6
96,28.6
96.2,28.6
96.4,28.6
72.6,28.8
72.8,28.8
73,28.8
73.2,28.8
73.4,28.8
73.6,28.8
73.8,28.8
74,28.8
74.2,28.8
74.4,28.8
74.6,28.8
74.8,28.8
75,28.8
75.2,28.8
75.4,28.8
75.6,28.8
75.8,28.8
76,28.8
76.2,28.8
76.4,28.8
76.6,28.8
76.8,28.8
77,28.8
77.2,28.8
77.4,28.8
77.6,28.8
77.8,28.8
78,28.8
78.2,28.8
78.4,28.8
78.6,28.8
78.8,28.8
79,28.8
79.2,28.8
79.4,28.8
79.6,28.8
79.8,28.8
80,28.8
80.2,28.8
80.4,28.8
80.6,28.8
80.8,28.8
81,28.8
81.2,28.8
81.4,28.8
81.6,28.8
81.8,28.8
82,28.8
82.2,28.8
82.4,28.8
82.6,28.8
82.8,28.8
83,28.8
83.2,28.8
83.4,28.8
83.6,28.8
83.8,28.8
84,28.8
84.2,28.8
84.4,28.8
94.2,28.8
94.4,28.8
94.6,28.8
94.8,28.8
95,28.8
95.2,28.8
95.4,28.8
95.6,28.8
95.8,28.8
96,28.8
96.2,28.8
96.4,28.8
96.6,28.8
73,29
73.2,29
73.4,29
73.6,29
73.8,29
74,29
74.2,29
74.4,29
74.6,29
74.8,29
75,29
75.2,29
75.4,29
75.6,29
75.8,29
76,29
76.2,29
76.4,29
76.6,29
76.8,29
77,29
77.2,29
77.4,29
77.6,29
77.8,29
78,29
78.2,29
78.4,29
78.6,29
78.8,29
79,29
79.2,29
79.4,29
79.6,29
79.8,29
80,29
80.2,29
80.4,29
80.6,29
80.8,29
81,29
81.2,29
81.4,29
81.6,29
81.8,29
82,29
82.2,29
82.4,29
82.6,29
82.8,29
83,29
83.2,29
83.4,29
83.6,29
83.8,29
84,29
84.2,29
94.2,29
94.4,29
94.6,29
94.8,29
95,29
95.2,29
95.4,29
95.6,29
95.8,29
96,29
96.4,29
73.2,29.2
73.4,29.2
73.6,29.2
73.8,29.2
74,29.2
74.2,29.2
74.4,29.2
74.6,29.2
74.8,29.2
75,29.2
75.2,29.2
75.4,29.2
75.6,29.2
75.8,29.2
76,29.2
76.2,29.2
76.4,29.2
76.6,29.2
76.8,29.2
77,29.2
77.2,29.2
77.4,29.2
77.6,29.2
77.8,29.2
78,29.2
78.2,29.2
78.4,29.2
78.6,29.2
78.8,29.2
79,29.2
79.2,29.2
79.4,29.2
79.6,29.2
79.8,29.2
80,29.2
80.2,29.2
80.4,29.2
80.6,29.2
80.8,29.2
81,29.2
81.2,29.2
81.4,29.2
81.6,29.2
81.8,29.2
82,29.2
82.2,29.2
82.4,29.2
82.6,29.2
82.8,29.2
83,29.2
83.2,29.2
83.4,29.2
83.8,29.2
84,29.2
94.6,29.2
94.8,29.2
95.6,29.2
95.8,29.2
96,29.2
96.2,29.2
73.2,29.4
73.4,29.4
73.6,29.4
73.8,29.4
74,29.4
74.2,29.4
74.4,29.4
74.6,29.4
74.8,29.4
75,29.4
75.2,29.4
75.4,29.4
75.6,29.4
75.8,29.4
76,29.4
76.2,29.4
76.4,29.4
76.6,29.4
76.8,29.4
77,29.4
77.2,29.4
77.4,29.4
77.6,29.4
77.8,29.4
78,29.4
78.2,29.4
78.4,29.4
78.6,29.4
78.8,29.4
79,29.4
79.2,29.4
79.4,29.4
79.6,29.4
79.8,29.4
80,29.4
80.2,29.4
80.4,29.4
80.6,29.4
80.8,29.4
81,29.4
81.2,29.4
81.4,29.4
81.6,29.4
81.8,29.4
82,29.4
82.2,29.4
82.4,29.4
82.6,29.4
82.8,29.4
83,29.4
83.2,29.4
96,29.4
73.4,29.6
73.6,29.6
73.8,29.6
74,29.6
74.2,29.6
74.4,29.6
74.6,29.6
74.8,29.6
75,29.6
75.2,29.6
75.4,29.6
75.6,29.6
75.8,29.6
76,29.6
76.2,29.6
76.4,29.6
76.6,29.6
76.8,29.6
77,29.6
77.2,29.6
77.4,29.6
77.6,29.6
77.8,29.6
78,29.6
78.2,29.6
78.4,29.6
78.6,29.6
78.8,29.6
79,29.6
79.2,29.6
79.4,29.6
79.6,29.6
79.8,29.6
80,29.6
80.2,29.6
80.4,29.6
80.6,29.6
80.8,29.6
81,29.6
81.2,29.6
81.4,29.6
81.6,29.6
81.8,29.6
82,29.6
82.2,29.6
82.4,29.6
82.6,29.6
82.8,29.6
83,29.6
83.2,29.6
73.4,29.8
73.6,29.8
73.8,29.8
74,29.8
74.2,29.8
74.4,29.8
74.6,29.8
74.8,29.8
75,29.8
75.2,29.8
75.4,29.8
75.6,29.8
75.8,29.8
76,29.8
76.2,29.8
76.4,29.8
76.6,29.8
76.8,29.8
77,29.8
77.2,29.8
77.4,29.8
77.6,29.8
77.8,29.8
78,29.8
78.2,29.8
78.4,29.8
78.6,29.8
78.8,29.8
79,29.8
79.2,29.8
79.4,29.8
79.6,29.8
79.8,29.8
80,29.8
80.2,29.8
80.4,29.8
80.6,29.8
80.8,29.8
81,29.8
81.2,29.8
81.4,29.8
81.6,29.8
81.8,29.8
82,29.8
82.2,29.8
82.4,29.8
82.6,29.8
73.6,30
73.8,30
74,30
74.2,30
74.4,30
74.6,30
74.8,30
75,30
75.2,30
75.4,30
75.6,30
75.8,30
76,30
76.2,30
76.4,30
76.6,30
76.8,30
77,30
77.2,30
77.4,30
77.6,30
77.8,30
78,30
78.2,30
78.4,30
78.6,30
78.8,30
79,30
79.2,30
79.4,30
79.6,30
79.8,30
80,30
80.2,30
80.4,30
80.6,30
80.8,30
81,30
81.2,30
81.4,30
81.6,30
81.8,30
82,30
82.2,30
82.4,30
74,30.2
74.2,30.2
74.4,30.2
74.6,30.2
74.8,30.2
75,30.2
75.2,30.2
75.4,30.2
75.6,30.2
75.8,30.2
76,30.2
76.2,30.2
76.4,30.2
76.6,30.2
76.8,30.2
77,30.2
77.2,30.2
77.4,30.2
77.6,30.2
77.8,30.2
78,30.2
78.2,30.2
78.4,30.2
78.6,30.2
78.8,30.2
79,30.2
79.2,30.2
79.4,30.2
79.6,30.2
79.8,30.2
80,30.2
80.2,30.2
80.4,30.2
80.6,30.2
80.8,30.2
81,30.2
81.4,30.2
81.6,30.2
81.8,30.2
82,30.2
74,30.4
74.2,30.4
74.4,30.4
74.6,30.4
74.8,30.4
75,30.4
75.2,30.4
75.4,30.4
75.6,30.4
75.8,30.4
76,30.4
76.2,30.4
76.4,30.4
76.6,30.4
76.8,30.4
77,30.4
77.2,30.4
77.4,30.4
77.6,30.4
77.8,30.4
78,30.4
78.2,30.4
78.4,30.4
78.6,30.4
78.8,30.4
79,30.4
79.2,30.4
79.4,30.4
79.6,30.4
79.8,30.4
80,30.4
80.2,30.4
80.4,30.4
80.6,30.4
81.6,30.4
74.2,30.6
74.4,30.6
74.6,30.6
74.8,30.6
75,30.6
75.2,30.6
75.4,30.6
75.6,30.6
75.8,30.6
76,30.6
76.2,30.6
76.4,30.6
76.6,30.6
76.8,30.6
77,30.6
77.2,30.6
77.4,30.6
77.6,30.6
77.8,30.6
78,30.6
78.2,30.6
78.4,30.6
78.6,30.6
78.8,30.6
79,30.6
79.2,30.6
79.4,30.6
79.6,30.6
79.8,30.6
80,30.6
80.2,30.6
74.4,30.8
74.6,30.8
74.8,30.8
75,30.8
75.2,30.8
75.4,30.8
75.6,30.8
75.8,30.8
76,30.8
76.2,30.8
76.4,30.8
76.6,30.8
76.8,30.8
77,30.8
77.2,30.8
77.4,30.8
77.6,30.8
77.8,30.8
78,30.8
78.2,30.8
78.4,30.8
78.6,30.8
78.8,30.8
79,30.8
79.2,30.8
79.4,30.8
79.6,30.8
79.8,30.8
80,30.8
74.6,31
74.8,31
75,31
75.2,31
75.4,31
75.6,31
75.8,31
76,31
76.2,31
76.4,31
76.6,31
76.8,31
77,31
77.2,31
77.4,31
77.6,31
77.8,31
78,31
78.2,31
78.4,31
78.6,31
78.8,31
79,31
79.2,31
79.4,31
74.6,31.2
74.8,31.2
75,31.2
75.2,31.2
75.4,31.2
75.6,31.2
75.8,31.2
76,31.2
76.2,31.2
76.4,31.2
76.6,31.2
76.8,31.2
77,31.2
77.2,31.2
77.4,31.2
77.6,31.2
77.8,31.2
78,31.2
78.2,31.2
78.4,31.2
78.6,31.2
78.8,31.2
79,31.2
79.2,31.2
74.6,31.4
74.8,31.4
75,31.4
75.2,31.4
75.4,31.4
75.6,31.4
75.8,31.4
76,31.4
76.2,31.4
76.4,31.4
76.6,31.4
76.8,31.4
77,31.4
77.2,31.4
77.4,31.4
77.6,31.4
77.8,31.4
78,31.4
78.2,31.4
78.4,31.4
78.6,31.4
74.6,31.6
74.8,31.6
75,31.6
75.2,31.6
75.4,31.6
75.6,31.6
75.8,31.6
76,31.6
76.2,31.6
76.4,31.6
76.6,31.6
76.8,31.6
77,31.6
77.2,31.6
77.4,31.6
77.6,31.6
77.8,31.6
78,31.6
78.2,31.6
78.4,31.6
78.6,31.6
78.8,31.6
74.6,31.8
74.8,31.8
75,31.8
75.2,31.8
75.4,31.8
75.6,31.8
75.8,31.8
76,31.8
76.2,31.8
76.4,31.8
76.6,31.8
76.8,31.8
77,31.8
77.2,31.8
77.4,31.8
77.6,31.8
77.8,31.8
78,31.8
78.2,31.8
78.4,31.8
78.6,31.8
75,32
75.2,32
75.4,32
75.6,32
75.8,32
76,32
76.2,32
76.4,32
76.6,32
76.8,32
77,32
77.2,32
77.4,32
77.6,32
77.8,32
78,32
78.2,32
78.4,32
78.6,32
75.4,32.2
75.6,32.2
75.8,32.2
76,32.2
76.2,32.2
76.4,32.2
76.6,32.2
76.8,32.2
77,32.2
77.2,32.2
77.4,32.2
77.6,32.2
77.8,32.2
78,32.2
78.2,32.2
78.4,32.2
75.4,32.4
75.6,32.4
75.8,32.4
76,32.4
76.2,32.4
76.4,32.4
76.6,32.4
76.8,32.4
77,32.4
77.2,32.4
77.4,32.4
77.6,32.4
77.8,32.4
78,32.4
78.2,32.4
78.4,32.4
79,32.4
74.8,32.6
75,32.6
75.2,32.6
75.4,32.6
75.6,32.6
75.8,32.6
76,32.6
76.2,32.6
76.4,32.6
76.6,32.6
76.8,32.6
77,32.6
77.2,32.6
77.4,32.6
77.6,32.6
77.8,32.6
78,32.6
78.2,32.6
78.4,32.6
78.6,32.6
78.8,32.6
79,32.6
79.2,32.6
79.4,32.6
74.4,32.8
74.6,32.8
74.8,32.8
75,32.8
75.2,32.8
75.4,32.8
75.6,32.8
75.8,32.8
76,32.8
76.2,32.8
76.4,32.8
76.6,32.8
76.8,32.8
77,32.8
77.2,32.8
77.4,32.8
77.6,32.8
77.8,32.8
78,32.8
78.2,32.8
78.4,32.8
78.6,32.8
78.8,32.8
79,32.8
79.2,32.8
79.4,32.8
74,33
74.2,33
74.4,33
74.6,33
74.8,33
75,33
75.2,33
75.4,33
75.6,33
75.8,33
76,33
76.2,33
76.4,33
76.6,33
76.8,33
77,33
77.2,33
77.4,33
77.6,33
77.8,33
78,33
78.2,33
78.4,33
78.6,33
78.8,33
79,33
79.2,33
73.8,33.2
74,33.2
74.2,33.2
74.4,33.2
74.6,33.2
74.8,33.2
75,33.2
75.2,33.2
75.4,33.2
75.6,33.2
75.8,33.2
76,33.2
76.2,33.2
76.4,33.2
76.6,33.2
76.8,33.2
77,33.2
77.2,33.2
77.4,33.2
77.6,33.2
77.8,33.2
78,33.2
78.2,33.2
78.4,33.2
78.6,33.2
78.8,33.2
79,33.2
79.2,33.2
73.6,33.4
73.8,33.4
74,33.4
74.2,33.4
74.4,33.4
74.6,33.4
74.8,33.4
75,33.4
75.2,33.4
75.4,33.4
75.6,33.4
75.8,33.4
76,33.4
76.2,33.4
76.4,33.4
76.6,33.4
76.8,33.4
77,33.4
77.2,33.4
77.4,33.4
77.6,33.4
77.8,33.4
78,33.4
78.2,33.4
78.4,33.4
78.6,33.4
78.8,33.4
73.8,33.6
74,33.6
74.2,33.6
74.4,33.6
74.6,33.6
74.8,33.6
75,33.6
75.2,33.6
75.4,33.6
75.6,33.6
75.8,33.6
76,33.6
76.2,33.6
76.4,33.6
76.6,33.6
76.8,33.6
77,33.6
77.2,33.6
77.4,33.6
77.6,33.6
77.8,33.6
78,33.6
78.2,33.6
78.4,33.6
78.6,33.6
78.8,33.6
79,33.6
73.8,33.8
74,33.8
74.2,33.8
74.4,33.8
74.6,33.8
74.8,33.8
75,33.8
75.2,33.8
75.4,33.8
75.6,33.8
75.8,33.8
76,33.8
76.2,33.8
76.4,33.8
76.6,33.8
76.8,33.8
77,33.8
77.2,33.8
77.4,33.8
77.6,33.8
77.8,33.8
78,33.8
78.2,33.8
78.4,33.8
78.6,33.8
78.8,33.8
79,33.8
73.6,34
73.8,34
74,34
74.2,34
74.4,34
74.6,34
74.8,34
75,34
75.2,34
75.4,34
75.6,34
75.8,34
76,34
76.2,34
76.4,34
76.6,34
76.8,34
77,34
77.2,34
77.4,34
77.6,34
77.8,34
78,34
78.2,34
78.4,34
78.6,34
78.8,34
79,34
79.2,34
79.4,34
73.6,34.2
73.8,34.2
74,34.2
74.2,34.2
74.4,34.2
74.6,34.2
74.8,34.2
75,34.2
75.2,34.2
75.4,34.2
75.6,34.2
75.8,34.2
76,34.2
76.2,34.2
76.4,34.2
76.6,34.2
76.8,34.2
77,34.2
77.2,34.2
77.4,34.2
77.6,34.2
77.8,34.2
78,34.2
78.2,34.2
78.4,34.2
78.6,34.2
78.8,34.2
79,34.2
79.2,34.2
79.4,34.2
73.6,34.4
73.8,34.4
74,34.4
74.2,34.4
74.4,34.4
74.6,34.4
74.8,34.4
75,34.4
75.2,34.4
75.4,34.4
75.6,34.4
75.8,34.4
76,34.4
76.2,34.4
76.4,34.4
76.6,34.4
76.8,34.4
77,34.4
77.2,34.4
77.4,34.4
77.6,34.4
77.8,34.4
78,34.4
78.2,34.4
78.4,34.4
78.6,34.4
78.8,34.4
79,34.4
79.2,34.4
79.4,34.4
73.8,34.6
74,34.6
74.2,34.6
74.4,34.6
74.6,34.6
74.8,34.6
75,34.6
75.2,34.6
75.4,34.6
75.6,34.6
75.8,34.6
76,34.6
76.2,34.6
76.4,34.6
76.6,34.6
76.8,34.6
77,34.6
77.2,34.6
77.4,34.6
77.6,34.6
77.8,34.6
78,34.6
78.2,34.6
78.4,34.6
78.6,34.6
78.8,34.6
79,34.6
79.2,34.6
79.4,34.6
79.6,34.6
79.8,34.6
74,34.8
74.2,34.8
74.4,34.8
74.6,34.8
74.8,34.8
75,34.8
75.2,34.8
75.4,34.8
75.6,34.8
75.8,34.8
76,34.8
76.2,34.8
76.4,34.8
76.6,34.8
76.8,34.8
77,34.8
77.2,34.8
77.4,34.8
77.6,34.8
77.8,34.8
78,34.8
78.2,34.8
78.4,34.8
78.6,34.8
78.8,34.8
79,34.8
79.2,34.8
79.4,34.8
79.6,34.8
79.8,34.8
80,34.8
74.2,35
74.4,35
74.6,35
74.8,35
75,35
75.2,35
75.4,35
75.6,35
75.8,35
76,35
76.2,35
76.4,35
76.6,35
76.8,35
77,35
77.2,35
77.4,35
77.6,35
77.8,35
78,35
78.2,35
78.4,35
78.6,35
78.8,35
79,35
79.2,35
79.4,35
79.6,35
79.8,35
80,35
80.2,35
74,35.2
74.2,35.2
74.4,35.2
74.6,35.2
74.8,35.2
75,35.2
75.2,35.2
75.4,35.2
75.6,35.2
75.8,35.2
76,35.2
76.2,35.2
76.4,35.2
76.6,35.2
76.8,35.2
77,35.2
77.2,35.2
77.4,35.2
77.6,35.2
77.8,35.2
78,35.2
78.2,35.2
78.4,35.2
78.6,35.2
78.8,35.2
79,35.2
79.2,35.2
79.4,35.2
79.6,35.2
79.8,35.2
80,35.2
80.2,35.2
74,35.4
74.2,35.4
74.4,35.4
74.6,35.4
74.8,35.4
75,35.4
75.2,35.4
75.4,35.4
75.6,35.4
75.8,35.4
76,35.4
76.2,35.4
76.4,35.4
76.6,35.4
76.8,35.4
77,35.4
77.2,35.4
77.4,35.4
77.6,35.4
77.8,35.4
78,35.4
78.2,35.4
78.4,35.4
78.6,35.4
78.8,35.4
79,35.4
79.2,35.4
79.4,35.4
79.6,35.4
79.8,35.4
80,35.4
80.2,35.4
73.6,35.6
73.8,35.6
74,35.6
74.2,35.6
74.4,35.6
74.6,35.6
74.8,35.6
75,35.6
75.2,35.6
75.4,35.6
75.6,35.6
75.8,35.6
76,35.6
76.2,35.6
76.4,35.6
76.6,35.6
76.8,35.6
78.4,35.6
78.6,35.6
78.8,35.6
79,35.6
79.2,35.6
79.4,35.6
79.6,35.6
79.8,35.6
73.4,35.8
73.6,35.8
73.8,35.8
74,35.8
74.2,35.8
74.4,35.8
74.6,35.8
74.8,35.8
75,35.8
75.2,35.8
75.4,35.8
75.6,35.8
75.8,35.8
76,35.8
76.2,35.8
76.4,35.8
78.8,35.8
79,35.8
79.2,35.8
79.4,35.8
79.6,35.8
72.8,36
73,36
73.2,36
73.4,36
73.6,36
73.8,36
74,36
74.2,36
74.4,36
74.6,36
74.8,36
75,36
75.2,36
75.4,36
75.6,36
75.8,36
76,36
72.8,36.2
73,36.2
73.2,36.2
73.4,36.2
73.6,36.2
73.8,36.2
74,36.2
74.2,36.2
74.4,36.2
74.6,36.2
74.8,36.2
75,36.2
75.2,36.2
75.4,36.2
75.6,36.2
75.8,36.2
76,36.2
73.2,36.4
73.4,36.4
73.6,36.4
73.8,36.4
74,36.4
74.2,36.4
74.4,36.4
74.6,36.4
74.8,36.4
75,36.4
75.2,36.4
75.4,36.4
75.6,36.4
75.8,36.4
76,36.4
73.4,36.6
73.6,36.6
73.8,36.6
74,36.6
74.2,36.6
74.4,36.6
74.6,36.6
74.8,36.6
75,36.6
75.2,36.6
75.4,36.6
75.6,36.6
75.8,36.6
74,36.8
74.2,36.8
74.4,36.8
74.6,36.8
74.8,36.8
75,36.8
75.2,36.8
75.4,36.8
74.6,37
74.8,37
