Longitude,Latitude,Depth,Observed Count,Smoothed Rate,b-value
65,35.6,500,0,2.19459E-006,1
64.4,34.8,500,0,2.27309E-006,1
64.8,35.4,500,0,0.000002299,1
74.4,35.2,500,0,2.31419E-006,1
74.8,36.8,500,0,2.33036E-006,1
68,38.6,500,0,2.37864E-006,1
74,34.8,500,0,2.42523E-006,1
90.2,27.2,500,0,2.51778E-006,1
95,27.2,500,0,2.51778E-006,1
74.6,38,500,0,2.59786E-006,1
74.8,38.4,500,0,2.60834E-006,1
68.2,39,500,0,2.61557E-006,1
74.2,35,500,0,2.64749E-006,1
90.6,25,500,0,2.66111E-006,1
94.6,25,500,0,2.66111E-006,1
74.8,36.2,500,0,2.69641E-006,1
90.8,24.8,500,0,2.72379E-006,1
94.4,24.8,500,0,2.72379E-006,1
74.4,37.6,500,0,0.000002733,1
74.8,36.6,500,0,2.80532E-006,1
91.4,24.4,500,0,2.82724E-006,1
93.8,24.4,500,0,2.82724E-006,1
91.4,28.4,500,0,2.92456E-006,1
93.8,28.4,500,0,2.92456E-006,1
66.4,36.2,500,0,2.9422E-006,1
74.8,36.4,500,0,2.94513E-006,1
90.6,27.8,500,0,2.96751E-006,1
94.6,27.8,500,0,2.96751E-006,1
99.2,8.2,500,0,0.000002972,1
94,10,500,0,2.97233E-006,1
95.2,10,500,0,2.97233E-006,1
92,28.6,500,0,2.97772E-006,1
93.2,28.6,500,0,2.97772E-006,1
94.8,4.2,500,0,2.9816E-006,1
96,4.2,500,0,2.9816E-006,1
90.8,28,500,0,2.99706E-006,1
94.4,28,500,0,2.99706E-006,1
72.6,34.2,500,0,3.02174E-006,1
66.4,31.8,500,0,3.03154E-006,1
67.6,31.8,500,0,3.03154E-006,1
92,24.2,500,0,3.03577E-006,1
93.2,24.2,500,0,3.03577E-006,1
74.6,35.6,500,0,3.05144E-006,1
94,4.6,500,0,3.05778E-006,1
98.4,7.8,500,0,3.09327E-006,1
93.2,5.4,500,0,3.15274E-006,1
93.2,9.6,500,0,3.16694E-006,1
96,9.6,500,0,3.16694E-006,1
98,7.4,500,0,3.1811E-006,1
69,39.8,500,0,3.20642E-006,1
97.2,7.8,500,0,3.20763E-006,1
64.4,33.4,500,0,3.27265E-006,1
69.6,33.4,500,0,3.27265E-006,1
68,38.4,500,0,3.27668E-006,1
92.8,6.2,500,0,3.28772E-006,1
100.4,8.2,500,0,3.29664E-006,1
97.6,7,500,0,3.30417E-006,1
92.8,9.2,500,0,3.31455E-006,1
96.4,9.2,500,0,3.31455E-006,1
65.4,32.2,500,0,3.33075E-006,1
68.6,32.2,500,0,3.33075E-006,1
96.8,2.6,500,0,3.35793E-006,1
92.4,7.2,500,0,3.39779E-006,1
74.4,37.8,500,0,3.44109E-006,1
92.4,8.4,500,0,0.000003468,1
96.8,8.4,500,0,0.000003468,1
65.8,32,500,0,3.47539E-006,1
68.2,32,500,0,3.47539E-006,1
64.6,33,500,0,3.48268E-006,1
69.4,33,500,0,3.48268E-006,1
74.6,37.2,500,0,0.000003488,1
93.8,4.8,500,0,3.54392E-006,1
93.4,5.2,500,0,3.56361E-006,1
74.8,39.6,500,0,3.57275E-006,1
65.8,36,500,0,3.59071E-006,1
98.2,7.6,500,0,3.59533E-006,1
64.4,34.6,500,0,3.61038E-006,1
97,8,500,0,3.61857E-006,1
65.4,35.8,500,0,0.000003627,1
68.4,39.2,500,0,3.6634E-006,1
66.6,36.2,500,0,3.69952E-006,1
93,9.4,500,0,3.71172E-006,1
96.2,9.4,500,0,3.71172E-006,1
73.2,34.4,500,0,3.72208E-006,1
90.2,25.8,500,0,3.7382E-006,1
95,25.8,500,0,3.7382E-006,1
74.8,38.6,500,0,3.75406E-006,1
72.4,34.2,500,0,3.79527E-006,1
73.6,34.6,500,0,3.84372E-006,1
66.6,31.8,500,0,3.85859E-006,1
67.4,31.8,500,0,3.85859E-006,1
92.2,28.6,500,0,3.89777E-006,1
93,28.6,500,0,3.89777E-006,1
68,38.2,500,0,3.94147E-006,1
64.6,35,500,0,0.00000399,1
68.8,39.6,500,0,3.9959E-006,1
92.2,24.2,500,0,4.01559E-006,1
93,24.2,500,0,4.01559E-006,1
90.2,27,500,0,4.01659E-006,1
95,27,500,0,4.01659E-006,1
94.2,10,500,0,4.1512E-006,1
95,10,500,0,4.1512E-006,1
99.4,8.2,500,0,4.16575E-006,1
95,4.2,500,0,4.18617E-006,1
95.8,4.2,500,0,4.18617E-006,1
68.6,39.4,500,0,4.1992E-006,1
94.4,4.4,500,0,4.23968E-006,1
96.4,4.4,500,0,4.23968E-006,1
66.8,36.2,500,0,4.24453E-006,1
98.8,8,500,0,4.2543E-006,1
93.6,9.8,500,0,4.29588E-006,1
95.6,9.8,500,0,4.29588E-006,1
96.8,4.4,500,0,0.000004365,1
90.4,25.4,500,0,4.36546E-006,1
94.8,25.4,500,0,4.36546E-006,1
100.2,8.2,500,0,4.37526E-006,1
67,36.2,500,0,4.4435E-006,1
66.8,31.8,500,0,4.45953E-006,1
67.2,31.8,500,0,4.45953E-006,1
74.8,39.4,500,0,4.49322E-006,1
93,5.8,500,0,4.5249E-006,1
97.8,7,500,0,4.53826E-006,1
92.4,28.6,500,0,4.58117E-006,1
92.8,28.6,500,0,4.58117E-006,1
97.4,7.4,500,0,4.58477E-006,1
97.6,6.8,500,0,4.63913E-006,1
92.6,6.8,500,0,4.64489E-006,1
67.2,36.8,500,0,4.66072E-006,1
67,31.8,500,0,0.00000468,1
64.4,33.6,500,0,0.000004684,1
69.6,33.6,500,0,0.000004684,1
68.2,38.8,500,0,4.70073E-006,1
74.8,38.8,500,0,4.72776E-006,1
65.2,32.4,500,0,4.7444E-006,1
68.8,32.4,500,0,4.7444E-006,1
92.4,24.2,500,0,4.74938E-006,1
92.8,24.2,500,0,4.74938E-006,1
92.6,8.8,500,0,4.77372E-006,1
96.6,8.8,500,0,4.77372E-006,1
92.4,7.4,500,0,4.80036E-006,1
90.4,27.4,500,0,4.81412E-006,1
94.8,27.4,500,0,4.81412E-006,1
92.6,28.6,500,0,4.83463E-006,1
64.8,32.8,500,0,4.84812E-006,1
69.2,32.8,500,0,4.84812E-006,1
92.4,8.2,500,0,4.86629E-006,1
74.6,38.2,500,0,4.89258E-006,1
74.4,35.4,500,0,4.98171E-006,1
64.4,34.4,500,0,5.00088E-006,1
74.6,35.8,500,0,5.00975E-006,1
92.6,24.2,500,0,5.02265E-006,1
91.2,24.6,500,0,5.03688E-006,1
94,24.6,500,0,5.03688E-006,1
94.4,10,500,0,5.07248E-006,1
94.8,10,500,0,5.07248E-006,1
99.6,8.2,500,0,5.10952E-006,1
74.8,39.2,500,0,5.12566E-006,1
95.2,4.2,500,0,5.13142E-006,1
95.6,4.2,500,0,5.13142E-006,1
100,8.2,500,0,5.20624E-006,1
91.6,24.4,500,0,5.22616E-006,1
93.6,24.4,500,0,5.22616E-006,1
74.8,39,500,0,5.2321E-006,1
65.2,35.6,500,0,5.2743E-006,1
91.6,28.4,500,0,5.29405E-006,1
93.6,28.4,500,0,5.29405E-006,1
91.2,28.2,500,0,5.30962E-006,1
94,28.2,500,0,5.30962E-006,1
90.2,26,500,0,5.32678E-006,1
95,26,500,0,5.32678E-006,1
96.8,4.2,500,0,5.35027E-006,1
65,32.6,500,0,5.3756E-006,1
69,32.6,500,0,5.3756E-006,1
74.6,40,500,0,5.37679E-006,1
94.6,10,500,0,0.000005423,1
67.6,37.6,500,0,5.46594E-006,1
95.4,4.2,500,0,5.49175E-006,1
99.8,8.2,500,0,5.4959E-006,1
64.8,35.2,500,0,5.53554E-006,1
74.6,37,500,0,5.53825E-006,1
90.2,26.8,500,0,5.58805E-006,1
95,26.8,500,0,5.58805E-006,1
74.4,37.4,500,0,5.72237E-006,1
73.8,34.8,500,0,5.72971E-006,1
64.4,33.8,500,0,5.84632E-006,1
69.6,33.8,500,0,5.84632E-006,1
66,32,500,0,5.90169E-006,1
68,32,500,0,5.90169E-006,1
92.4,7.6,500,0,5.91442E-006,1
66,36,500,0,5.9507E-006,1
92.4,8,500,0,5.9549E-006,1
97,2.2,500,0,5.97021E-006,1
100.8,8,500,0,5.9937E-006,1
64.4,34.2,500,0,6.04085E-006,1
65,35.4,500,0,6.07386E-006,1
73,34.4,500,0,6.13792E-006,1
96.8,4.6,500,0,6.16348E-006,1
67.8,37.8,500,0,6.19688E-006,1
93.6,5,500,0,0.0000062,1
92.4,7.8,500,0,0.000006355,1
64.4,34,500,0,6.36369E-006,1
69.2,39.8,500,0,0.000006487,1
74.2,35.2,500,0,6.51841E-006,1
90.6,25.2,500,0,6.52922E-006,1
94.6,25.2,500,0,6.52922E-006,1
64.6,33.2,500,0,6.5362E-006,1
69.4,33.2,500,0,6.5362E-006,1
90.2,26.2,500,0,6.61947E-006,1
95,26.2,500,0,6.61947E-006,1
90.2,26.6,500,0,6.77989E-006,1
95,26.6,500,0,6.77989E-006,1
74,35,500,0,6.83116E-006,1
65.6,32.2,500,0,0.000006846,1
68.4,32.2,500,0,0.000006846,1
67.4,37.2,500,0,0.000006976,1
91,24.8,500,0,7.01745E-006,1
94.2,24.8,500,0,7.01745E-006,1
90.6,27.6,500,0,7.16852E-006,1
94.6,27.6,500,0,7.16852E-006,1
74.6,36,500,0,7.17275E-006,1
90.2,26.4,500,0,7.17372E-006,1
95,26.4,500,0,7.17372E-006,1
65.6,35.8,500,0,7.23527E-006,1
64.6,34.8,500,0,7.28741E-006,1
94.2,4.6,500,0,7.38454E-006,1
96.6,4.6,500,0,7.38454E-006,1
74.4,38,500,0,0.000007409,1
68.2,38.6,500,0,7.42381E-006,1
98.6,7.8,500,0,7.43544E-006,1
68.4,39,500,0,7.45954E-006,1
91,28,500,0,7.52417E-006,1
94.2,28,500,0,7.52417E-006,1
93.4,9.6,500,0,7.55551E-006,1
95.8,9.6,500,0,7.55551E-006,1
73.4,34.6,500,0,7.59025E-006,1
90.8,25,500,0,0.00000765,1
94.4,25,500,0,0.00000765,1
74.6,36.8,500,0,7.66873E-006,1
96.8,2.8,500,0,7.68254E-006,1
93.2,5.6,500,0,7.68965E-006,1
98,7.2,500,0,7.73166E-006,1
97.2,7.6,500,0,7.79531E-006,1
99,8,500,0,7.80583E-006,1
94.6,4.4,500,0,7.80753E-006,1
96.2,4.4,500,0,7.80753E-006,1
93.8,9.8,500,0,7.8404E-006,1
95.4,9.8,500,0,7.8404E-006,1
67.2,36.6,500,0,7.84472E-006,1
92.8,6.4,500,0,7.86027E-006,1
74.6,39.8,500,0,7.88517E-006,1
74.6,38.4,500,0,0.000008039,1
92.8,9,500,0,8.05218E-006,1
96.4,9,500,0,8.05218E-006,1
90.4,25.6,500,0,8.16168E-006,1
94.8,25.6,500,0,8.16168E-006,1
90.8,27.8,500,0,8.31757E-006,1
94.4,27.8,500,0,8.31757E-006,1
97.8,6.8,500,0,8.38424E-006,1
93,6,500,0,8.39737E-006,1
97.4,7.2,500,0,0.000008469,1
67.2,36.4,500,0,8.57977E-006,1
91.8,28.4,500,0,8.60312E-006,1
93.4,28.4,500,0,8.60312E-006,1
92.6,7,500,0,0.000008623,1
91.8,24.4,500,0,8.63955E-006,1
93.4,24.4,500,0,8.63955E-006,1
96.8,4,500,0,8.7902E-006,1
69,39.6,500,0,8.80274E-006,1
92.6,8.6,500,0,8.81381E-006,1
96.6,8.6,500,0,8.81381E-006,1
90.4,27.2,500,0,8.8261E-006,1
94.8,27.2,500,0,8.8261E-006,1
97.6,6.6,500,0,8.94448E-006,1
74.6,36.2,500,0,8.95587E-006,1
66.2,36,500,0,8.99637E-006,1
70,33.8,500,0,9.07126E-006,1
71.2,33.8,500,0,9.07126E-006,1
66.2,32,500,0,0.000009102,1
67.8,32,500,0,0.000009102,1
74.6,36.6,500,0,9.26036E-006,1
74.4,35.6,500,0,9.35209E-006,1
69.4,40,500,0,9.47242E-006,1
100.6,8,500,0,9.50088E-006,1
68.6,39.2,500,0,9.58184E-006,1
96.8,3,500,0,9.75024E-006,1
74.6,36.4,500,0,9.75193E-006,1
96.8,4.8,500,0,9.79873E-006,1
98.4,7.6,500,0,9.89506E-006,1
98.2,7.4,500,0,1.00252E-005,1
68.8,39.4,500,0,1.00774E-005,1
93.2,9.4,500,0,1.01283E-005,1
96,9.4,500,0,1.01283E-005,1
68.2,38.4,500,0,1.02589E-005,1
93,9.2,500,0,1.03462E-005,1
96.2,9.2,500,0,1.03462E-005,1
91.4,24.6,500,0,1.03987E-005,1
93.8,24.6,500,0,1.03987E-005,1
101,2.2,500,0,1.04056E-005,1
64.8,33,500,0,1.04075E-005,1
69.2,33,500,0,1.04075E-005,1
74.4,37.2,500,0,1.04488E-005,1
97.6,6,500,0,1.05825E-005,1
97.6,6.4,500,0,1.06493E-005,1
64.6,33.4,500,0,1.06977E-005,1
69.4,33.4,500,0,1.06977E-005,1
65.4,32.4,500,0,1.07151E-005,1
68.6,32.4,500,0,1.07151E-005,1
91.4,28.2,500,0,1.07204E-005,1
93.8,28.2,500,0,1.07204E-005,1
74.6,39.6,500,0,1.08048E-005,1
96.8,3.2,500,0,1.10041E-005,1
71.8,34,500,0,1.10389E-005,1
96.8,8.2,500,0,1.12103E-005,1
97.6,6.2,500,0,1.12619E-005,1
70.2,33.8,500,0,0.000011419,1
71,33.8,500,0,0.000011419,1
74.6,38.6,500,0,1.15339E-005,1
65.4,35.6,500,0,1.15583E-005,1
97,4.8,500,0,1.15895E-005,1
64.6,34.6,500,0,1.16072E-005,1
64.8,35,500,0,1.16235E-005,1
97.4,5.6,500,0,1.18181E-005,1
97.6,5.8,500,0,1.18655E-005,1
66.4,36,500,0,1.24074E-005,1
67.2,36.2,500,0,0.000012461,1
99.2,8,500,0,1.25169E-005,1
94,9.8,500,0,1.25188E-005,1
95.2,9.8,500,0,1.25188E-005,1
92,28.4,500,0,1.25506E-005,1
93.2,28.4,500,0,1.25506E-005,1
94.8,4.4,500,0,1.25535E-005,1
96,4.4,500,0,1.25535E-005,1
96.8,3.8,500,0,1.27113E-005,1
66.4,32,500,0,1.27492E-005,1
67.6,32,500,0,1.27492E-005,1
92,24.4,500,0,1.27728E-005,1
93.2,24.4,500,0,1.27728E-005,1
65.8,32.2,500,0,1.27825E-005,1
68.2,32.2,500,0,1.27825E-005,1
97,4.6,500,0,1.29715E-005,1
101,7.8,500,0,1.29734E-005,1
70.4,33.8,500,0,1.31101E-005,1
70.8,33.8,500,0,1.31101E-005,1
65.8,35.8,500,0,1.31636E-005,1
65,32.8,500,0,1.32026E-005,1
69,32.8,500,0,1.32026E-005,1
90.4,25.8,500,0,1.33072E-005,1
94.8,25.8,500,0,1.33072E-005,1
65.2,32.6,500,0,1.33345E-005,1
68.8,32.6,500,0,1.33345E-005,1
68.4,38.8,500,0,1.34458E-005,1
97.4,5.8,500,0,1.34594E-005,1
97.8,6.6,500,0,1.35081E-005,1
92.8,6.6,500,0,1.35674E-005,1
74.6,39.4,500,0,1.36318E-005,1
97.4,7,500,0,1.36428E-005,1
70.6,33.8,500,0,1.37277E-005,1
100.4,8,500,0,1.38823E-005,1
74.4,38.2,500,0,1.39133E-005,1
96.8,3.6,500,0,1.39407E-005,1
92.6,7.2,500,0,1.39604E-005,1
90.6,25.4,500,0,1.39705E-005,1
94.6,25.4,500,0,1.39705E-005,1
68,38,500,0,0.000013995,1
74.2,35.4,500,0,1.39959E-005,1
96.8,3.4,500,0,1.40448E-005,1
94,4.8,500,0,1.40459E-005,1
67.6,37.4,500,0,0.000014096,1
90.4,27,500,0,1.41116E-005,1
94.8,27,500,0,1.41116E-005,1
92.6,8.4,500,0,1.41915E-005,1
97.6,5.6,500,0,1.42395E-005,1
97.4,5.4,500,0,1.42474E-005,1
97,5,500,0,1.42588E-005,1
67.4,37,500,0,0.000014441,1
93.4,5.4,500,0,1.44452E-005,1
74.6,38.8,500,0,0.00001448,1
74.2,37.6,500,0,1.46015E-005,1
65.2,35.4,500,0,0.000014629,1
65,35.2,500,0,1.46596E-005,1
97,7.8,500,0,1.47238E-005,1
97,2.4,500,0,1.47263E-005,1
74.4,40,500,0,1.48929E-005,1
74.2,37.8,500,0,1.50279E-005,1
90.6,27.4,500,0,1.51014E-005,1
94.6,27.4,500,0,1.51014E-005,1
97.2,5.2,500,0,1.51077E-005,1
64.6,33.6,500,0,0.000015269,1
69.4,33.6,500,0,0.000015269,1
74.4,35.8,500,0,1.53107E-005,1
96.4,4.6,500,0,1.55715E-005,1
74.6,39.2,500,0,1.55999E-005,1
66.6,36,500,0,0.00001561,1
98.8,7.8,500,0,0.000015617,1
93.6,9.6,500,0,1.57686E-005,1
95.6,9.6,500,0,1.57686E-005,1
74.6,39,500,0,1.59742E-005,1
64.6,34.4,500,0,1.61226E-005,1
91.2,24.8,500,0,1.61746E-005,1
94,24.8,500,0,1.61746E-005,1
66.6,32,500,0,1.62188E-005,1
67.4,32,500,0,1.62188E-005,1
98,7,500,0,1.63878E-005,1
92.2,28.4,500,0,1.64367E-005,1
93,28.4,500,0,1.64367E-005,1
72.8,34.4,500,0,1.66861E-005,1
92.2,24.4,500,0,1.68877E-005,1
93,24.4,500,0,1.68877E-005,1
91.2,28,500,0,1.69509E-005,1
94,28,500,0,1.69509E-005,1
92.8,8.8,500,0,0.000017059,1
96.4,8.8,500,0,0.000017059,1
93,6.2,500,0,1.72096E-005,1
73.6,34.8,500,0,0.000017216,1
93.8,5,500,0,1.73123E-005,1
93.6,5.2,500,0,0.000017472,1
94.2,9.8,500,0,1.74872E-005,1
95,9.8,500,0,1.74872E-005,1
99.4,8,500,0,0.000017547,1
95,4.4,500,0,1.76233E-005,1
95.8,4.4,500,0,1.76233E-005,1
96.6,8.4,500,0,1.78348E-005,1
66.8,36,500,0,1.79158E-005,1
97.2,2,500,0,1.80016E-005,1
71.6,34,500,0,1.82941E-005,1
68.2,38.2,500,0,1.83692E-005,1
100.2,8,500,0,1.84279E-005,1
94.4,4.6,500,0,0.000018554,1
90.8,25.2,500,0,1.87369E-005,1
94.4,25.2,500,0,1.87369E-005,1
66.8,32,500,0,1.87387E-005,1
67.2,32,500,0,1.87387E-005,1
67,36,500,0,1.87578E-005,1
90.4,26,500,0,1.89212E-005,1
94.8,26,500,0,1.89212E-005,1
97.8,6.4,500,0,1.89794E-005,1
97.2,5,500,0,1.89815E-005,1
97.4,6,500,0,1.89938E-005,1
64.6,33.8,500,0,1.90058E-005,1
69.4,33.8,500,0,1.90058E-005,1
74.4,37,500,0,1.90694E-005,1
97.4,6.8,500,0,0.000019166,1
91.6,24.6,500,0,1.92029E-005,1
93.6,24.6,500,0,1.92029E-005,1
97.2,5.4,500,0,1.93075E-005,1
92.4,28.4,500,0,1.93244E-005,1
92.8,28.4,500,0,1.93244E-005,1
91.6,28.2,500,0,1.94273E-005,1
93.6,28.2,500,0,1.94273E-005,1
74.2,38,500,0,1.94314E-005,1
64.8,33.2,500,0,1.94835E-005,1
69.2,33.2,500,0,1.94835E-005,1
64.6,34.2,500,0,1.95297E-005,1
68.6,39,500,0,1.95639E-005,1
93.2,5.8,500,0,1.96049E-005,1
67,32,500,0,1.96628E-005,1
90.4,26.8,500,0,1.96762E-005,1
94.8,26.8,500,0,1.96762E-005,1
91,25,500,0,1.96784E-005,1
94.2,25,500,0,1.96784E-005,1
92.6,7.4,500,0,1.97104E-005,1
97.2,7.4,500,0,0.000019868,1
92.6,8.2,500,0,1.99273E-005,1
69.4,39.8,500,0,1.99652E-005,1
92.4,24.4,500,0,1.99683E-005,1
92.8,24.4,500,0,1.99683E-005,1
90.8,27.6,500,0,2.01299E-005,1
94.4,27.6,500,0,2.01299E-005,1
92.6,28.4,500,0,2.03956E-005,1
67.2,36,500,0,2.05011E-005,1
64.6,34,500,0,2.06306E-005,1
91,27.8,500,0,2.09164E-005,1
94.2,27.8,500,0,2.09164E-005,1
92.6,24.4,500,0,2.11153E-005,1
64.8,34.8,500,0,2.12844E-005,1
68.4,38.6,500,0,2.12971E-005,1
94.4,9.8,500,0,2.13706E-005,1
94.8,9.8,500,0,2.13706E-005,1
73.2,34.6,500,0,2.13761E-005,1
73.8,35,500,0,2.13998E-005,1
74,35.2,500,0,0.000021408,1
69.2,39.6,500,0,2.14179E-005,1
99.6,8,500,0,2.15241E-005,1
95.2,4.4,500,0,2.16013E-005,1
95.6,4.4,500,0,2.16013E-005,1
72.2,34.2,500,0,2.16517E-005,1
66,32.2,500,0,2.16808E-005,1
68,32.2,500,0,2.16808E-005,1
66,35.8,500,0,2.18428E-005,1
74.4,36,500,0,2.18592E-005,1
69.6,40,500,0,2.19022E-005,1
74.4,39.8,500,0,2.19055E-005,1
100,8,500,0,2.19307E-005,1
65.6,32.4,500,0,2.19884E-005,1
68.4,32.4,500,0,2.19884E-005,1
100.8,7.8,500,0,2.19993E-005,1
69,39.4,500,0,2.22501E-005,1
97,4.4,500,0,2.25485E-005,1
74.4,38.4,500,0,2.27949E-005,1
97,2.6,500,0,2.28217E-005,1
92.8,6.8,500,0,2.28416E-005,1
94.6,9.8,500,0,0.000022848,1
74.2,37.4,500,0,2.29163E-005,1
68.8,39.2,500,0,2.30521E-005,1
65.6,35.6,500,0,2.30963E-005,1
95.4,4.4,500,0,2.31177E-005,1
99.8,8,500,0,2.31521E-005,1
97.8,6.2,500,0,2.32556E-005,1
97.4,6.2,500,0,2.33753E-005,1
90.4,26.2,500,0,2.34619E-005,1
94.8,26.2,500,0,2.34619E-005,1
97.4,6.6,500,0,0.000023481,1
96.6,4.8,500,0,2.36573E-005,1
97.4,5.2,500,0,2.37545E-005,1
96.8,8,500,0,2.37599E-005,1
98.6,7.6,500,0,2.37944E-005,1
90.4,26.6,500,0,2.39255E-005,1
94.8,26.6,500,0,2.39255E-005,1
97,5.2,500,0,2.41513E-005,1
93.4,9.4,500,0,0.000024175,1
95.8,9.4,500,0,0.000024175,1
92.6,7.6,500,0,2.42688E-005,1
98.2,7.2,500,0,2.43781E-005,1
92.6,8,500,0,0.000024402,1
97.8,6,500,0,2.48502E-005,1
97.4,6.4,500,0,2.50876E-005,1
93,9,500,0,2.51496E-005,1
96.2,9,500,0,2.51496E-005,1
100.8,2,500,0,2.52997E-005,1
90.4,26.4,500,0,2.53709E-005,1
94.8,26.4,500,0,2.53709E-005,1
101,2.4,500,0,2.56671E-005,1
92.6,7.8,500,0,0.000026059,1
90.6,25.6,500,0,2.60682E-005,1
94.6,25.6,500,0,2.60682E-005,1
96.8,5,500,0,2.73828E-005,1
98.4,7.4,500,0,2.76035E-005,1
71.4,34,500,0,2.76574E-005,1
90.6,27.2,500,0,2.77432E-005,1
94.6,27.2,500,0,2.77432E-005,1
93.2,9.2,500,0,2.82472E-005,1
96,9.2,500,0,2.82472E-005,1
65,33,500,0,2.82774E-005,1
69,33,500,0,2.82774E-005,1
69.6,34,500,0,2.84586E-005,1
99,7.8,500,0,0.000028662,1
96.2,4.6,500,0,0.00002867,1
93.8,9.6,500,0,2.87888E-005,1
95.4,9.6,500,0,2.87888E-005,1
93,6.4,500,0,2.93015E-005,1
65.4,32.6,500,0,3.00605E-005,1
68.6,32.6,500,0,3.00605E-005,1
74.4,39.6,500,0,3.01051E-005,1
97.2,5.6,500,0,0.000030109,1
97.6,5.4,500,0,3.02906E-005,1
98,6.8,500,0,3.02915E-005,1
97.8,5.8,500,0,3.04936E-005,1
74.4,36.8,500,0,3.06925E-005,1
65,35,500,0,0.000030855,1
94.2,4.8,500,0,0.000031472,1
92.8,8.6,500,0,3.15171E-005,1
91.8,28.2,500,0,3.15987E-005,1
93.4,28.2,500,0,3.15987E-005,1
67.8,37.6,500,0,0.000031605,1
91.8,24.6,500,0,0.000031719,1
93.4,24.6,500,0,0.000031719,1
64.8,33.4,500,0,3.18082E-005,1
69.2,33.4,500,0,3.18082E-005,1
72.6,34.4,500,0,3.19698E-005,1
69.8,34,500,0,3.20181E-005,1
65.4,35.4,500,0,3.21206E-005,1
97.2,2.2,500,0,3.21617E-005,1
97,2.8,500,0,3.22174E-005,1
74.2,35.6,500,0,3.23093E-005,1
67.4,36.8,500,0,3.23315E-005,1
97.2,4.8,500,0,3.23656E-005,1
93.4,5.6,500,0,3.26069E-005,1
74.4,38.6,500,0,3.26103E-005,1
65.2,32.8,500,0,3.26824E-005,1
68.8,32.8,500,0,3.26824E-005,1
94.6,4.6,500,0,3.28555E-005,1
66.2,35.8,500,0,3.30564E-005,1
97,7.6,500,0,3.30916E-005,1
91.4,24.8,500,0,3.33531E-005,1
93.8,24.8,500,0,3.33531E-005,1
66.2,32.2,500,0,3.34054E-005,1
67.8,32.2,500,0,3.34054E-005,1
64.8,34.6,500,0,3.39888E-005,1
91.4,28,500,0,3.42687E-005,1
93.8,28,500,0,3.42687E-005,1
72,34.2,500,0,3.45247E-005,1
97,4.2,500,0,3.46311E-005,1
96.4,8.6,500,0,3.46409E-005,1
69.4,34,500,0,3.46922E-005,1
74.4,36.2,500,0,3.48543E-005,1
100.6,7.8,500,0,0.000034881,1
97.2,7.2,500,0,3.52329E-005,1
68.6,38.8,500,0,3.53592E-005,1
65.2,35.2,500,0,3.53838E-005,1
73.4,34.8,500,0,3.58372E-005,1
68.4,38.4,500,0,3.62045E-005,1
74.2,38.2,500,0,3.63933E-005,1
74.4,36.6,500,0,3.66638E-005,1
92.8,7,500,0,0.000036738,1
96.6,8.2,500,0,3.75443E-005,1
73,34.6,500,0,3.77265E-005,1
74.2,40,500,0,0.000038023,1
93.2,6,500,0,3.80312E-005,1
74.4,39.4,500,0,3.80937E-005,1
71.2,34,500,0,3.81437E-005,1
74.4,36.4,500,0,3.82535E-005,1
67.4,36,500,0,3.85951E-005,1
101,2.6,500,0,3.97776E-005,1
67.4,36.6,500,0,3.99447E-005,1
90.8,25.4,500,0,4.00206E-005,1
94.4,25.4,500,0,4.00206E-005,1
74.4,38.8,500,0,4.08208E-005,1
65.8,32.4,500,0,4.09981E-005,1
68.2,32.4,500,0,4.09981E-005,1
101,7.6,500,0,0.000041514,1
74,37.8,500,0,4.16147E-005,1
65.8,35.6,500,0,4.20829E-005,1
97.8,5.6,500,0,4.23002E-005,1
90.6,25.8,500,0,4.24193E-005,1
94.6,25.8,500,0,4.24193E-005,1
90.8,27.4,500,0,0.000042485,1
94.4,27.4,500,0,0.000042485,1
69.6,39.8,500,0,4.26114E-005,1
70,34,500,0,4.27089E-005,1
94,5,500,0,0.000042982,1
67.4,36.4,500,0,4.31625E-005,1
74.4,39.2,500,0,4.37217E-005,1
93.6,5.4,500,0,4.37307E-005,1
67.6,37.2,500,0,0.000043889,1
69.4,39.6,500,0,4.40953E-005,1
90.6,27,500,0,4.44473E-005,1
94.6,27,500,0,4.44473E-005,1
67.4,36.2,500,0,4.45006E-005,1
97,4,500,0,4.47151E-005,1
74.2,37.2,500,0,0.000044721,1
74.4,39,500,0,4.49021E-005,1
100.8,2.2,500,0,0.000045202,1
68,37.8,500,0,4.52537E-005,1
97,3,500,0,4.52567E-005,1
64.8,33.6,500,0,4.52859E-005,1
69.2,33.6,500,0,4.52859E-005,1
91.2,25,500,0,4.52945E-005,1
94,25,500,0,4.52945E-005,1
66.4,35.8,500,0,4.56262E-005,1
99.2,7.8,500,0,0.00004597,1
94,9.6,500,0,4.59791E-005,1
95.2,9.6,500,0,4.59791E-005,1
96,4.6,500,0,4.60909E-005,1
92,28.2,500,0,4.61297E-005,1
93.2,28.2,500,0,4.61297E-005,1
66.4,32.2,500,0,4.67561E-005,1
67.6,32.2,500,0,4.67561E-005,1
92,24.6,500,0,4.68639E-005,1
93.2,24.6,500,0,4.68639E-005,1
68.8,39,500,0,4.71836E-005,1
91.2,27.8,500,0,4.71914E-005,1
94,27.8,500,0,4.71914E-005,1
64.8,34.4,500,0,4.73324E-005,1
93.8,5.2,500,0,4.78761E-005,1
71,34,500,0,4.79895E-005,1
91,25.2,500,0,4.81222E-005,1
94.2,25.2,500,0,4.81222E-005,1
93,6.6,500,0,4.82871E-005,1
74,35.4,500,0,0.000048292,1
97.2,5.8,500,0,4.86996E-005,1
98,6.6,500,0,4.88284E-005,1
69.8,40,500,0,0.000049067,1
69.2,39.4,500,0,4.96902E-005,1
96.4,4.8,500,0,4.98733E-005,1
98.8,7.6,500,0,4.99927E-005,1
74,37.6,500,0,5.00243E-005,1
93.6,9.4,500,0,5.04743E-005,1
95.6,9.4,500,0,5.04743E-005,1
91,27.6,500,0,5.07057E-005,1
94.2,27.6,500,0,5.07057E-005,1
96.8,7.8,500,0,5.07503E-005,1
92.8,8.4,500,0,5.07799E-005,1
73.6,35,500,0,5.08278E-005,1
100.4,7.8,500,0,5.09785E-005,1
69,39.2,500,0,5.10114E-005,1
94.8,4.6,500,0,0.00005122,1
97,5.4,500,0,5.13441E-005,1
98.2,7,500,0,5.16956E-005,1
70.2,34,500,0,5.23502E-005,1
65,33.2,500,0,5.28161E-005,1
69,33.2,500,0,5.28161E-005,1
97,3.8,500,0,5.32019E-005,1
93,8.8,500,0,5.33128E-005,1
96.2,8.8,500,0,5.33128E-005,1
97.4,5,500,0,5.38723E-005,1
97.2,2.4,500,0,5.38998E-005,1
97,3.2,500,0,5.41376E-005,1
92.8,7.2,500,0,5.48351E-005,1
97.2,7,500,0,5.49667E-005,1
70.8,34,500,0,5.50782E-005,1
68.2,38,500,0,5.51951E-005,1
73.8,35.2,500,0,5.52262E-005,1
74.2,35.8,500,0,5.59748E-005,1
74.2,39.8,500,0,5.60793E-005,1
101,2.8,500,0,0.000056155,1
64.8,33.8,500,0,5.62257E-005,1
69.2,33.8,500,0,5.62257E-005,1
74,38,500,0,5.62956E-005,1
65,34.8,500,0,0.000056634,1
66.6,35.8,500,0,5.74362E-005,1
64.8,34.2,500,0,0.000057482,1
97.4,2,500,0,5.74978E-005,1
97.2,4.6,500,0,5.77407E-005,1
97,3.6,500,0,5.83734E-005,1
97,3.4,500,0,5.88335E-005,1
70.4,34,500,0,5.88791E-005,1
66.6,32.2,500,0,5.94484E-005,1
67.4,32.2,500,0,5.94484E-005,1
74.2,38.4,500,0,5.94665E-005,1
90.6,26,500,0,0.000060196,1
94.6,26,500,0,0.000060196,1
92.2,28.2,500,0,6.04431E-005,1
93,28.2,500,0,6.04431E-005,1
70.6,34,500,0,6.06894E-005,1
64.8,34,500,0,6.08774E-005,1
69.2,34,500,0,6.08774E-005,1
91.6,24.8,500,0,6.15299E-005,1
93.6,24.8,500,0,6.15299E-005,1
65.6,32.6,500,0,6.15867E-005,1
68.4,32.6,500,0,6.15867E-005,1
92.2,24.6,500,0,6.19333E-005,1
93,24.6,500,0,6.19333E-005,1
90.6,26.8,500,0,6.20995E-005,1
94.6,26.8,500,0,6.20995E-005,1
68.6,38.6,500,0,6.21115E-005,1
91.6,28,500,0,6.21688E-005,1
93.6,28,500,0,6.21688E-005,1
94.4,4.8,500,0,6.24302E-005,1
68.4,38.2,500,0,6.34424E-005,1
94.2,9.6,500,0,6.42393E-005,1
95,9.6,500,0,6.42393E-005,1
65.6,35.4,500,0,6.42941E-005,1
99.4,7.8,500,0,6.44531E-005,1
93.2,6.2,500,0,6.46772E-005,1
95.8,4.6,500,0,0.000064698,1
96.4,8.4,500,0,6.50339E-005,1
93.4,5.8,500,0,6.51012E-005,1
97,7.4,500,0,6.58046E-005,1
66.8,35.8,500,0,6.59431E-005,1
67.2,35.8,500,0,6.59431E-005,1
96.6,5,500,0,6.60917E-005,1
98.6,7.4,500,0,6.64024E-005,1
96.8,5.2,500,0,6.67316E-005,1
98.4,7.2,500,0,6.71513E-005,1
93.4,9.2,500,0,6.74545E-005,1
95.8,9.2,500,0,6.74545E-005,1
100.2,7.8,500,0,6.76835E-005,1
98,6.4,500,0,0.00006864,1
66.8,32.2,500,0,6.86627E-005,1
67.2,32.2,500,0,6.86627E-005,1
97.2,6,500,0,0.000068692,1
93.2,9,500,0,6.87004E-005,1
96,9,500,0,6.87004E-005,1
97.6,5.2,500,0,6.89093E-005,1
67,35.8,500,0,0.00006905,1
66,32.4,500,0,6.94561E-005,1
68,32.4,500,0,6.94561E-005,1
100.6,2,500,0,6.97991E-005,1
65.2,33,500,0,6.98549E-005,1
68.8,33,500,0,6.98549E-005,1
66,35.6,500,0,6.99173E-005,1
95,4.6,500,0,7.01868E-005,1
100.8,7.6,500,0,7.04144E-005,1
92.4,28.2,500,0,0.000071083,1
92.8,28.2,500,0,0.000071083,1
67.6,37,500,0,7.11048E-005,1
92.8,8.2,500,0,7.13491E-005,1
67,32.2,500,0,7.20413E-005,1
74.2,37,500,0,7.23255E-005,1
67.8,37.4,500,0,7.24986E-005,1
96.6,8,500,0,7.29684E-005,1
92.4,24.6,500,0,7.32109E-005,1
92.8,24.6,500,0,7.32109E-005,1
101,4.2,500,0,7.32133E-005,1
65.4,32.8,500,0,7.35418E-005,1
68.6,32.8,500,0,7.35418E-005,1
92.8,7.4,500,0,7.40923E-005,1
67.4,35.8,500,0,7.43753E-005,1
90.6,26.2,500,0,7.44939E-005,1
94.6,26.2,500,0,7.44939E-005,1
90.8,25.6,500,0,7.45443E-005,1
94.4,25.6,500,0,7.45443E-005,1
65.2,35,500,0,7.46348E-005,1
92.6,28.2,500,0,7.50307E-005,1
97.2,6.8,500,0,7.53166E-005,1
90.6,26.6,500,0,7.56628E-005,1
94.6,26.6,500,0,7.56628E-005,1
100.8,2.4,500,0,7.57565E-005,1
74.2,39.6,500,0,7.72805E-005,1
92.6,24.6,500,0,7.74093E-005,1
93,6.8,500,0,7.78201E-005,1
65.4,35.2,500,0,7.78413E-005,1
101,4,500,0,7.79506E-005,1
90.8,27.2,500,0,7.81945E-005,1
94.4,27.2,500,0,7.81945E-005,1
94.4,9.6,500,0,7.85136E-005,1
94.8,9.6,500,0,7.85136E-005,1
97.8,5.4,500,0,7.88764E-005,1
69.4,34.2,500,0,7.88818E-005,1
101,3,500,0,7.88844E-005,1
99.6,7.8,500,0,7.90685E-005,1
90.6,26.4,500,0,8.03946E-005,1
94.6,26.4,500,0,8.03946E-005,1
101,4.4,500,0,8.04448E-005,1
74.2,36,500,0,8.04747E-005,1
100,7.8,500,0,8.05587E-005,1
71.8,34.2,500,0,8.08483E-005,1
95.6,4.6,500,0,8.22794E-005,1
74,37.4,500,0,8.35596E-005,1
94.6,9.6,500,0,8.39446E-005,1
98,6.2,500,0,8.41461E-005,1
95.2,4.6,500,0,8.44261E-005,1
72.4,34.4,500,0,0.000084584,1
74.2,38.6,500,0,8.48458E-005,1
99.8,7.8,500,0,8.50502E-005,1
65,33.4,500,0,8.60282E-005,1
69,33.4,500,0,8.60282E-005,1
97.2,2.6,500,0,8.68598E-005,1
92.8,7.6,500,0,8.70545E-005,1
69.6,39.6,500,0,0.000087255,1
92.8,8,500,0,8.74253E-005,1
97.2,6.2,500,0,8.77843E-005,1
69.8,39.8,500,0,8.87468E-005,1
95.4,4.6,500,0,8.90472E-005,1
69.2,34.2,500,0,8.90923E-005,1
74,40,500,0,8.94795E-005,1
97.2,4.4,500,0,8.96327E-005,1
68.8,38.8,500,0,8.97274E-005,1
97.2,6.6,500,0,9.05113E-005,1
65,34.6,500,0,9.06514E-005,1
74,35.6,500,0,9.09816E-005,1
74,38.2,500,0,9.17415E-005,1
99,7.6,500,0,9.17762E-005,1
96.2,4.8,500,0,9.18078E-005,1
93.8,9.4,500,0,9.21821E-005,1
95.4,9.4,500,0,9.21821E-005,1
101,3.8,500,0,9.27427E-005,1
91.4,25,500,0,9.32889E-005,1
93.8,25,500,0,9.32889E-005,1
92.8,7.8,500,0,9.34196E-005,1
98,6,500,0,9.41785E-005,1
73.2,34.8,500,0,9.43493E-005,1
101,3.2,500,0,9.43662E-005,1
74.2,36.8,500,0,9.45279E-005,1
94.2,5,500,0,9.47883E-005,1
97,5.6,500,0,9.51897E-005,1
97.2,6.4,500,0,9.52838E-005,1
91.4,27.8,500,0,9.55266E-005,1
93.8,27.8,500,0,9.55266E-005,1
98.2,6.8,500,0,9.55995E-005,1
93.6,5.6,500,0,9.71222E-005,1
74.2,39.4,500,0,9.80525E-005,1
69.4,39.4,500,0,9.80975E-005,1
93,8.6,500,0,9.85552E-005,1
98,5.8,500,0,9.93612E-005,1
91.8,28,500,0,0.000101208,1
93.4,28,500,0,0.000101208,1
91.8,24.8,500,0,0.00010155,1
93.4,24.8,500,0,0.00010155,1
101,3.6,500,0,0.000101755,1
68.6,38.4,500,0,0.00010178,1
101,3.4,500,0,0.000102554,1
91,25.4,500,0,0.000102623,1
94.2,25.4,500,0,0.000102623,1
97.4,2.2,500,0,0.000102707,1
93.2,6.4,500,0,0.000103114,1
96.8,7.6,500,0,0.000104169,1
69,39,500,0,0.000104645,1
70,40,500,0,0.0001055,1
74.2,36.2,500,0,0.000105509,1
66.2,35.6,500,0,0.00010592,1
74.2,38.8,500,0,0.000105924,1
96.2,8.6,500,0,0.00010604,1
97.4,4.8,500,0,0.000106407,1
66.2,32.4,500,0,0.000106913,1
67.8,32.4,500,0,0.000106913,1
72.8,34.6,500,0,0.000107185,1
91,27.4,500,0,0.000107194,1
94.2,27.4,500,0,0.000107194,1
69.2,39.2,500,0,0.000108954,1
94.6,4.8,500,0,0.000109428,1
91.2,25.2,500,0,0.000110612,1
94,25.2,500,0,0.000110612,1
100.6,7.6,500,0,0.000111674,1
69.6,34.2,500,0,0.000111913,1
74.2,36.6,500,0,0.000112165,1
73.8,37.8,500,0,0.000112691,1
74.2,39.2,500,0,0.000112843,1
91.2,27.6,500,0,0.00011457,1
94,27.6,500,0,0.00011457,1
65.8,32.6,500,0,0.00011467,1
68.2,32.6,500,0,0.00011467,1
67.6,36.8,500,0,0.000114678,1
96.4,8.2,500,0,0.000114866,1
97,7.2,500,0,0.000115553,1
101,7.4,500,0,0.000115845,1
74.2,39,500,0,0.000116202,1
74.2,36.4,500,0,0.000116361,1
94,5.2,500,0,0.000116694,1
65.8,35.4,500,0,0.000117321,1
93.8,5.4,500,0,0.000117627,1
68,37.6,500,0,0.000117702,1
98,5.6,500,0,0.000117785,1
67.6,36,500,0,0.000118394,1
93,7,500,0,0.000121041,1
90.8,25.8,500,0,0.000121086,1
94.4,25.8,500,0,0.000121086,1
100.8,2.6,500,0,0.000122087,1
65,33.6,500,0,0.000122198,1
69,33.6,500,0,0.000122198,1
93.4,6,500,0,0.000122207,1
67.6,35.8,500,0,0.000122504,1
73.8,35.4,500,0,0.000123824,1
100.6,2.2,500,0,0.000124685,1
90.8,27,500,0,0.000125506,1
94.4,27,500,0,0.000125506,1
97.2,2.8,500,0,0.000125604,1
97.2,4.2,500,0,0.000126363,1
65,34.4,500,0,0.000126537,1
65.2,33.2,500,0,0.000130204,1
68.8,33.2,500,0,0.000130204,1
74,39.8,500,0,0.0001323,1
74,37.2,500,0,0.000132325,1
73.8,38,500,0,0.000132866,1
73.4,35,500,0,0.000135084,1
65.2,34.8,500,0,0.000137284,1
101,4.6,500,0,0.000137532,1
73.8,37.6,500,0,0.000137957,1
98.8,7.4,500,0,0.000139558,1
93.6,9.2,500,0,0.000140893,1
95.6,9.2,500,0,0.000140893,1
67.6,36.6,500,0,0.000141511,1
96.4,5,500,0,0.000142368,1
98.4,7,500,0,0.000142459,1
96.8,5.4,500,0,0.00014497,1
74,38.4,500,0,0.000145024,1
96.6,7.8,500,0,0.000145033,1
68.2,37.8,500,0,0.000145459,1
93.2,8.8,500,0,0.00014571,1
66.4,35.6,500,0,0.000146313,1
67.6,36.2,500,0,0.000147001,1
99.2,7.6,500,0,0.000147227,1
94,9.4,500,0,0.000147263,1
95.2,9.4,500,0,0.000147263,1
92,28,500,0,0.000147853,1
93.2,28,500,0,0.000147853,1
68.8,38.6,500,0,0.000149517,1
66.4,32.4,500,0,0.000149529,1
67.6,32.4,500,0,0.000149529,1
92,24.8,500,0,0.000149942,1
93.2,24.8,500,0,0.000149942,1
96,8.8,500,0,0.000149981,1
65.6,32.8,500,0,0.000150425,1
68.4,32.8,500,0,0.000150425,1
65,33.8,500,0,0.000151367,1
69,33.8,500,0,0.000151367,1
73.6,35.2,500,0,0.000151656,1
96,4.8,500,0,0.000151818,1
97.6,5,500,0,0.000152498,1
67.6,36.4,500,0,0.000152678,1
65,34.2,500,0,0.00015403,1
98.2,6.6,500,0,0.000154172,1
67.8,37.2,500,0,0.000154693,1
74,35.8,500,0,0.000155964,1
65.6,35.2,500,0,0.000156076,1
65.4,33,500,0,0.000156897,1
68.6,33,500,0,0.000156897,1
97,5.8,500,0,0.000158424,1
93.2,6.6,500,0,0.000158651,1
93,8.4,500,0,0.000158882,1
97.6,2,500,0,0.000160198,1
98.6,7.2,500,0,0.000161597,1
97.2,4,500,0,0.000163228,1
100.4,7.6,500,0,0.000163249,1
65,34,500,0,0.000163509,1
69,34,500,0,0.000163509,1
93.4,9,500,0,0.000164133,1
95.8,9,500,0,0.000164133,1
65.4,35,500,0,0.000164505,1
96.6,5.2,500,0,0.00016458,1
97.2,3,500,0,0.000165511,1
69.8,34.2,500,0,0.000165623,1
69.8,39.6,500,0,0.000167563,1
94.8,4.8,500,0,0.000169162,1
68.4,38,500,0,0.000169409,1
69,34.2,500,0,0.000171405,1
90.8,26,500,0,0.000171523,1
94.4,26,500,0,0.000171523,1
91.6,25,500,0,0.000171926,1
93.6,25,500,0,0.000171926,1
91.6,27.8,500,0,0.000173488,1
93.6,27.8,500,0,0.000173488,1
71.6,34.2,500,0,0.000174696,1
97.8,5.2,500,0,0.00017508,1
90.8,26.8,500,0,0.000175672,1
94.4,26.8,500,0,0.000175672,1
97.4,2.4,500,0,0.000176286,1
100.8,2.8,500,0,0.00017655,1
93,7.2,500,0,0.00017675,1
100.4,2,500,0,0.000177308,1
97,7,500,0,0.00017883,1
70,39.8,500,0,0.000179739,1
74,39.6,500,0,0.000182769,1
69.6,39.4,500,0,0.00018332,1
97.4,4.6,500,0,0.00018371,1
66.6,35.6,500,0,0.00018429,1
94.4,5,500,0,0.000185401,1
66.6,32.4,500,0,0.000190018,1
67.4,32.4,500,0,0.000190018,1
96.2,8.4,500,0,0.000190647,1
91,25.6,500,0,0.000190849,1
94.2,25.6,500,0,0.000190849,1
98,5.4,500,0,0.000191021,1
68.6,38.2,500,0,0.00019324,1
92.2,28,500,0,0.000193825,1
93,28,500,0,0.000193825,1
66,32.6,500,0,0.000194035,1
68,32.6,500,0,0.000194035,1
73.8,40,500,0,0.000194092,1
97.2,3.8,500,0,0.00019429,1
67.6,35.6,500,0,0.00019513,1
66,35.4,500,0,0.000195163,1
67.4,35.6,500,0,0.000195226,1
93.6,5.8,500,0,0.000195391,1
100.8,4.4,500,0,0.000196064,1
100.8,7.4,500,0,0.000196542,1
96.8,7.4,500,0,0.000197536,1
91,27.2,500,0,0.000197619,1
94.2,27.2,500,0,0.000197619,1
97.2,3.2,500,0,0.000197928,1
92.2,24.8,500,0,0.000198066,1
93,24.8,500,0,0.000198066,1
69,38.8,500,0,0.00019877,1
100.8,4.2,500,0,0.000199547,1
74,37,500,0,0.000201784,1
93.4,6.2,500,0,0.000202105,1
74,38.6,500,0,0.000203143,1
96.4,8,500,0,0.000205305,1
94.2,9.4,500,0,0.000205785,1
95,9.4,500,0,0.000205785,1
73.8,38.2,500,0,0.000205939,1
99.4,7.6,500,0,0.000206452,1
69.4,39.2,500,0,0.000209983,1
65.2,33.4,500,0,0.000211639,1
68.8,33.4,500,0,0.000211639,1
66.8,35.6,500,0,0.000211658,1
67.2,35.6,500,0,0.000211658,1
90.8,26.2,500,0,0.000211883,1
94.4,26.2,500,0,0.000211883,1
72.2,34.4,500,0,0.00021261,1
97.2,3.6,500,0,0.000213262,1
100.6,2.4,500,0,0.000214017,1
90.8,26.6,500,0,0.00021443,1
94.4,26.6,500,0,0.00021443,1
95.8,4.8,500,0,0.000214938,1
97.2,3.4,500,0,0.000215023,1
70.2,40,500,0,0.000215488,1
69,34.4,500,0,0.00021611,1
100.2,7.6,500,0,0.000216783,1
98.2,6.4,500,0,0.000216822,1
66.8,32.4,500,0,0.000219399,1
67.2,32.4,500,0,0.000219399,1
65.2,34.6,500,0,0.000220213,1
67,35.6,500,0,0.000221655,1
69.2,39,500,0,0.00022324,1
93,8.2,500,0,0.000223367,1
69.2,34.4,500,0,0.00022459,1
74,36,500,0,0.000225269,1
97,6,500,0,0.000225384,1
73.8,37.4,500,0,0.000226449,1
91.4,25.2,500,0,0.000227543,1
93.8,25.2,500,0,0.000227543,1
92.4,28,500,0,0.000228012,1
92.8,28,500,0,0.000228012,1
90.8,26.4,500,0,0.000228254,1
94.4,26.4,500,0,0.000228254,1
67,32.4,500,0,0.00023017,1
95,4.8,500,0,0.000230228,1
91.4,27.6,500,0,0.000232213,1
93.8,27.6,500,0,0.000232213,1
74,39.4,500,0,0.000232469,1
100.8,3,500,0,0.000232655,1
92.4,24.8,500,0,0.000234069,1
92.8,24.8,500,0,0.000234069,1
100.8,4,500,0,0.000235462,1
91.2,25.4,500,0,0.000235558,1
94,25.4,500,0,0.000235558,1
93,7.4,500,0,0.000235748,1
73,34.8,500,0,0.000236483,1
68,37.4,500,0,0.000239728,1
93.2,6.8,500,0,0.000240131,1
92.6,28,500,0,0.000240699,1
91.2,27.4,500,0,0.000242562,1
94,27.4,500,0,0.000242562,1
97,6.8,500,0,0.000243463,1
92.6,24.8,500,0,0.000247469,1
67.8,37,500,0,0.000250538,1
94.4,9.4,500,0,0.00025154,1
94.8,9.4,500,0,0.00025154,1
94.2,5.2,500,0,0.00025291,1
74,38.8,500,0,0.00025299,1
99.6,7.6,500,0,0.000253288,1
99,7.4,500,0,0.000256266,1
93.8,5.6,500,0,0.000256677,1
93.8,9.2,500,0,0.000257398,1
95.4,9.2,500,0,0.000257398,1
100,7.6,500,0,0.000258052,1
68.8,38.4,500,0,0.000260939,1
73.8,35.6,500,0,0.000261779,1
98.4,6.8,500,0,0.000263554,1
96.2,5,500,0,0.000263776,1
67.8,35.6,500,0,0.000265138,1
98.2,6.2,500,0,0.000265919,1
95.6,4.8,500,0,0.0002664,1
74,39.2,500,0,0.000268196,1
94.6,9.4,500,0,0.000268949,1
93.2,8.6,500,0,0.000269502,1
72.6,34.6,500,0,0.000270196,1
96.8,5.6,500,0,0.000270518,1
99.8,7.6,500,0,0.000272454,1
100.8,3.8,500,0,0.000273169,1
93,8,500,0,0.000273849,1
95.2,4.8,500,0,0.000275435,1
73.6,37.8,500,0,0.000275705,1
100.8,4.6,500,0,0.000276776,1
74,39,500,0,0.000276859,1
97.4,2.6,500,0,0.000277265,1
100.8,3.2,500,0,0.000278236,1
65.8,32.8,500,0,0.000279686,1
68.2,32.8,500,0,0.000279686,1
97,6.2,500,0,0.000280384,1
94,5.4,500,0,0.000281367,1
93,7.6,500,0,0.000281546,1
101,7.2,500,0,0.000281906,1
91.8,27.8,500,0,0.000282682,1
93.4,27.8,500,0,0.000282682,1
96.6,7.6,500,0,0.000283188,1
91.8,25,500,0,0.000283516,1
93.4,25,500,0,0.000283516,1
65.8,35.2,500,0,0.00028522,1
97.4,4.4,500,0,0.000285286,1
71.4,34.2,500,0,0.000285699,1
73.8,39.8,500,0,0.000287621,1
74,36.8,500,0,0.000288057,1
96,8.6,500,0,0.000288153,1
95.4,4.8,500,0,0.000289271,1
97.6,2.2,500,0,0.000290329,1
97,6.6,500,0,0.0002911,1
65.4,33.2,500,0,0.000291902,1
68.6,33.2,500,0,0.000291902,1
67.8,35.8,500,0,0.00029212,1
98.2,6,500,0,0.000292187,1
98.2,5.8,500,0,0.000293826,1
101,4.8,500,0,0.000293996,1
97.6,4.8,500,0,0.000295354,1
66.2,35.4,500,0,0.000295961,1
93,7.8,500,0,0.000297422,1
66.2,32.6,500,0,0.000298386,1
67.8,32.6,500,0,0.000298386,1
100.8,3.6,500,0,0.000299825,1
65.2,33.6,500,0,0.000299993,1
68.8,33.6,500,0,0.000299993,1
100.8,3.4,500,0,0.000302284,1
65.4,34.8,500,0,0.000303173,1
97,6.4,500,0,0.000305249,1
73.6,38,500,0,0.000305471,1
98.2,5.6,500,0,0.000307202,1
65.2,34.4,500,0,0.00030804,1
91,25.8,500,0,0.000309513,1
94.2,25.8,500,0,0.000309513,1
93.4,6.4,500,0,0.0003102,1
100.6,7.4,500,0,0.000311784,1
70,34.2,500,0,0.000312399,1
74,36.2,500,0,0.000313089,1
70,39.6,500,0,0.000314016,1
91,27,500,0,0.00031771,1
94.2,27,500,0,0.00031771,1
96.2,8.2,500,0,0.000318891,1
65.6,33,500,0,0.0003204,1
68.4,33,500,0,0.0003204,1
94.6,5,500,0,0.000321055,1
100.4,2.2,500,0,0.000321349,1
73.8,38.4,500,0,0.000321825,1
69.8,39.4,500,0,0.000327774,1
65.6,35,500,0,0.000330401,1
73.6,35.4,500,0,0.000333048,1
73.2,35,500,0,0.000335697,1
100.6,2.6,500,0,0.000336621,1
74,36.6,500,0,0.000337619,1
96.8,7.2,500,0,0.000337886,1
98.8,7.2,500,0,0.000339736,1
98.6,7,500,0,0.000342947,1
93.6,9,500,0,0.000342961,1
69,38.6,500,0,0.000344384,1
68.8,34.4,500,0,0.000345747,1
74,36.4,500,0,0.000345819,1
95.6,9,500,0,0.000345932,1
93.4,8.8,500,0,0.000348276,1
93.6,6,500,0,0.000348335,1
96.4,5.2,500,0,0.000349119,1
70.2,39.8,500,0,0.00035103,1
96.6,5.4,500,0,0.00035205,1
93.2,7,500,0,0.000355938,1
95.8,8.8,500,0,0.000356096,1
67.8,36,500,0,0.000365124,1
65.2,33.8,500,0,0.000370824,1
68.8,33.8,500,0,0.000370824,1
97.8,5,500,0,0.000373762,1
67.8,35.4,500,0,0.000374421,1
65.2,34.2,500,0,0.000375765,1
96.4,7.8,500,0,0.000377044,1
68.8,34.2,500,0,0.000379465,1
73.6,37.6,500,0,0.000379468,1
69.6,39.2,500,0,0.000380727,1
73.4,35.2,500,0,0.000386388,1
98,5.2,500,0,0.000386659,1
73.8,37.2,500,0,0.00038761,1
73.6,40,500,0,0.00038806,1
97.8,2,500,0,0.00038934,1
73.8,39.6,500,0,0.000398235,1
68.8,34.6,500,0,0.000399059,1
65.2,34,500,0,0.000399731,1
68.8,34,500,0,0.000399731,1
68.2,37.6,500,0,0.0004001,1
97.4,2.8,500,0,0.000400846,1
97.4,4.2,500,0,0.000402346,1
100.2,2,500,0,0.00040858,1
66.4,35.4,500,0,0.000409153,1
72,34.4,500,0,0.000409395,1
99.2,7.4,500,0,0.000411184,1
94,9.2,500,0,0.000411305,1
95.2,9.2,500,0,0.000411305,1
92,27.8,500,0,0.000413248,1
93.2,27.8,500,0,0.000413248,1
70.4,40,500,0,0.000414368,1
98.2,5.4,500,0,0.00041614,1
66.4,32.6,500,0,0.000417009,1
67.6,32.6,500,0,0.000417009,1
92,25,500,0,0.00041835,1
93.2,25,500,0,0.00041835,1
91.6,25.2,500,0,0.000418923,1
93.6,25.2,500,0,0.000418923,1
69.2,38.8,500,0,0.000419652,1
91.6,27.6,500,0,0.000422183,1
93.6,27.6,500,0,0.000422183,1
69.4,34.4,500,0,0.000424211,1
98.4,6.6,500,0,0.0004252,1
67.8,36.8,500,0,0.000425739,1
69.4,39,500,0,0.000427365,1
96,5,500,0,0.000427621,1
67.6,35.4,500,0,0.000428191,1
70.2,34.2,500,0,0.000434433,1
93.2,8.4,500,0,0.00043469,1
91.2,25.6,500,0,0.000437455,1
94,25.6,500,0,0.000437455,1
91,26,500,0,0.000437735,1
94.2,26,500,0,0.000437735,1
73.6,38.2,500,0,0.000437914,1
73.8,35.8,500,0,0.000438818,1
96.8,5.8,500,0,0.000441131,1
91,26.8,500,0,0.00044543,1
94.2,26.8,500,0,0.00044543,1
68,35.4,500,0,0.000446708,1
91.2,27.2,500,0,0.00044783,1
94,27.2,500,0,0.00044783,1
73.8,38.6,500,0,0.000450766,1
71.2,34.2,500,0,0.000451004,1
93.4,6.6,500,0,0.000454708,1
100.4,7.4,500,0,0.000455878,1
100.6,4.4,500,0,0.000457974,1
68.4,37.8,500,0,0.000463271,1
68.8,38.2,500,0,0.000471871,1
66,32.8,500,0,0.000472699,1
68,32.8,500,0,0.000472699,1
65.4,33.4,500,0,0.000473587,1
68.6,33.4,500,0,0.000473587,1
66,35.2,500,0,0.000475054,1
100.8,7.2,500,0,0.000478398,1
91.4,25.4,500,0,0.000483991,1
93.8,25.4,500,0,0.000483991,1
100.6,2.8,500,0,0.00048668,1
94.4,5.2,500,0,0.000486888,1
65.4,34.6,500,0,0.000487238,1
68.6,38,500,0,0.000490889,1
97.6,2.4,500,0,0.000490991,1
94.8,5,500,0,0.00049128,1
91.4,27.4,500,0,0.000492253,1
93.8,27.4,500,0,0.000492253,1
96,8.4,500,0,0.000497397,1
93.2,7.2,500,0,0.000501587,1
93.8,5.8,500,0,0.000504832,1
73.8,39.4,500,0,0.00050766,1
97.6,4.6,500,0,0.000510092,1
96.8,7,500,0,0.000512577,1
66.6,35.4,500,0,0.000515647,1
67.4,35.4,500,0,0.00051859,1
67.8,36.6,500,0,0.00051895,1
96.6,7.4,500,0,0.00051983,1
97.4,4,500,0,0.000519926,1
100.8,4.8,500,0,0.000521894,1
67.8,36.2,500,0,0.000522286,1
100.6,4.2,500,0,0.000523503,1
72.8,34.8,500,0,0.000523753,1
97.4,3,500,0,0.00052807,1
96.2,8,500,0,0.00052835,1
66.6,32.6,500,0,0.000529638,1
67.4,32.6,500,0,0.000529638,1
100.6,4.6,500,0,0.000534355,1
91,26.2,500,0,0.000539867,1
94.2,26.2,500,0,0.000539867,1
92.2,27.8,500,0,0.000542007,1
93,27.8,500,0,0.000542007,1
100.4,2.4,500,0,0.000543467,1
68,37.2,500,0,0.000544123,1
71,34.2,500,0,0.000544337,1
91,26.6,500,0,0.000544593,1
94.2,26.6,500,0,0.000544593,1
69,34.6,500,0,0.000550154,1
72.4,34.6,500,0,0.000550172,1
70.4,34.2,500,0,0.000550575,1
67.8,36.4,500,0,0.000550794,1
92.2,25,500,0,0.000552367,1
93,25,500,0,0.000552367,1
73.8,38.8,500,0,0.000556171,1
93.6,6.2,500,0,0.000561347,1
68.6,34.6,500,0,0.000565488,1
70,39.4,500,0,0.000569309,1
73.8,37,500,0,0.000573395,1
70.2,39.6,500,0,0.000573812,1
94.2,9.2,500,0,0.00057486,1
95,9.2,500,0,0.00057486,1
73.6,39.8,500,0,0.000576217,1
99.4,7.4,500,0,0.000576674,1
91,26.4,500,0,0.000580642,1
94.2,26.4,500,0,0.000580642,1
73.8,39.2,500,0,0.000586986,1
69,38.4,500,0,0.000590218,1
66.8,35.4,500,0,0.000592423,1
67.2,35.4,500,0,0.000592423,1
65.8,33,500,0,0.00059488,1
68.2,33,500,0,0.00059488,1
65.6,33.2,500,0,0.00059512,1
68.4,33.2,500,0,0.00059512,1
98.4,6.4,500,0,0.000598222,1
101,7,500,0,0.000598236,1
94.2,5.4,500,0,0.000598695,1
68,35.2,500,0,0.000598836,1
70.8,34.2,500,0,0.000600213,1
101,5,500,0,0.000602396,1
65.8,35,500,0,0.000604677,1
73.6,37.4,500,0,0.000605479,1
100.2,7.4,500,0,0.000605482,1
94,5.6,500,0,0.000605712,1
95.8,5,500,0,0.000606926,1
73.8,39,500,0,0.000607295,1
65.6,34.8,500,0,0.000609937,1
70.6,34.2,500,0,0.000611157,1
66.8,32.6,500,0,0.000611335,1
67.2,32.6,500,0,0.000611335,1
93.2,8.2,500,0,0.000614659,1
97.4,3.8,500,0,0.000619102,1
68,35.6,500,0,0.000619261,1
67,35.4,500,0,0.000620476,1
99,7.2,500,0,0.000624006,1
93.8,9,500,0,0.00062676,1
96.8,6,500,0,0.000629014,1
73.4,38,500,0,0.000629244,1
95.4,9,500,0,0.000630917,1
97.4,3.2,500,0,0.000631325,1
73.8,36,500,0,0.000634681,1
98.6,6.8,500,0,0.000634689,1
73.4,37.8,500,0,0.000636666,1
92.4,27.8,500,0,0.000637796,1
92.8,27.8,500,0,0.000637796,1
100.6,4,500,0,0.000640956,1
100.6,3,500,0,0.000641178,1
67,32.6,500,0,0.000641278,1
68.6,34.8,500,0,0.000644204,1
93.4,8.6,500,0,0.000644455,1
96.2,5.2,500,0,0.000648024,1
69.8,39.2,500,0,0.000652221,1
92.4,25,500,0,0.000652591,1
92.8,25,500,0,0.000652591,1
93.4,6.8,500,0,0.000652925,1
70.4,39.8,500,0,0.000654229,1
96.6,5.6,500,0,0.000658076,1
93.2,7.4,500,0,0.000658374,1
73.6,38.4,500,0,0.000661285,1
95,5,500,0,0.000663042,1
65.4,33.6,500,0,0.000670046,1
68.6,33.6,500,0,0.000670046,1
68.2,35.2,500,0,0.000673008,1
92.6,27.8,500,0,0.00067335,1
95.8,8.6,500,0,0.000677329,1
97.4,3.6,500,0,0.0006798,1
65.4,34.4,500,0,0.000682858,1
97.4,3.4,500,0,0.000685643,1
91.8,27.6,500,0,0.000688515,1
93.4,27.6,500,0,0.000688515,1
92.6,25,500,0,0.000689888,1
91.8,25.2,500,0,0.000690257,1
93.4,25.2,500,0,0.000690257,1
73.6,35.6,500,0,0.000691997,1
96.8,6.8,500,0,0.00069222,1
96.4,7.6,500,0,0.000693441,1
68.6,34.4,500,0,0.00069737,1
94.4,9.2,500,0,0.000702751,1
94.8,9.2,500,0,0.000702751,1
69.6,34.4,500,0,0.000702948,1
97.8,2.2,500,0,0.000705502,1
99.6,7.4,500,0,0.000707554,1
91.2,25.8,500,0,0.000708456,1
94,25.8,500,0,0.000708456,1
73.4,40,500,0,0.000715146,1
97.8,4.8,500,0,0.000715486,1
69.2,38.6,500,0,0.000716082,1
100,7.4,500,0,0.000720834,1
91.2,27,500,0,0.000721018,1
94,27,500,0,0.000721018,1
66.2,35.2,500,0,0.000721145,1
98.8,7,500,0,0.000721218,1
66.2,32.8,500,0,0.000726207,1
67.8,32.8,500,0,0.000726207,1
93.6,8.8,500,0,0.000728013,1
68.4,34.8,500,0,0.000730748,1
68.4,35,500,0,0.000732459,1
98.4,6.2,500,0,0.000736936,1
68.2,35,500,0,0.00073985,1
100.2,2.2,500,0,0.000740383,1
95.6,8.8,500,0,0.000740529,1
71.8,34.4,500,0,0.00074165,1
70.6,40,500,0,0.000744927,1
98.4,5.6,500,0,0.000746315,1
96.4,5.4,500,0,0.000748125,1
73,35,500,0,0.00075043,1
94.6,9.2,500,0,0.000751418,1
100.6,3.8,500,0,0.000751886,1
98.2,5.2,500,0,0.000752689,1
95.6,5,500,0,0.000754715,1
93.2,8,500,0,0.000757841,1
100.6,7.2,500,0,0.000759092,1
67.8,35.2,500,0,0.000759404,1
69.6,39,500,0,0.000759564,1
99.8,7.4,500,0,0.000761105,1
100.6,3.2,500,0,0.000766589,1
97.6,2.6,500,0,0.000772089,1
98.4,5.8,500,0,0.000778667,1
93.2,7.6,500,0,0.000779128,1
96.8,6.2,500,0,0.00078489,1
95.2,5,500,0,0.00078787,1
97.6,4.4,500,0,0.000792391,1
69.4,38.8,500,0,0.00079418,1
98,5,500,0,0.000796742,1
96,8.2,500,0,0.000797497,1
98.4,6,500,0,0.000797809,1
73.6,39.6,500,0,0.000799421,1
73.8,36.8,500,0,0.000801369,1
68.2,37.4,500,0,0.000807058,1
93.2,7.8,500,0,0.000818895,1
96.8,6.6,500,0,0.000822317,1
95.4,5,500,0,0.000822991,1
100.6,3.6,500,0,0.000825549,1
65.4,33.8,500,0,0.000826702,1
68.6,33.8,500,0,0.000826702,1
94.6,5.2,500,0,0.000831376,1
93.6,6.4,500,0,0.000832226,1
100.6,3.4,500,0,0.000832593,1
98,2,500,0,0.000832732,1
65.4,34.2,500,0,0.000834566,1
68.6,34.2,500,0,0.000834566,1
73.4,35.4,500,0,0.000842011,1
98.4,5.4,500,0,0.00084948,1
100,2,500,0,0.000850057,1
100.4,2.6,500,0,0.000854637,1
73.4,38.2,500,0,0.000856784,1
96.8,6.4,500,0,0.000857889,1
68,37,500,0,0.000862783,1
73.8,36.2,500,0,0.000863496,1
96.6,7.2,500,0,0.000870109,1
93.8,6,500,0,0.000881439,1
100.6,4.8,500,0,0.000887103,1
65.4,34,500,0,0.000889472,1
68.6,34,500,0,0.000889472,1
91.6,25.4,500,0,0.000890153,1
93.6,25.4,500,0,0.000890153,1
73.2,35.2,500,0,0.000890255,1
68.8,34.8,500,0,0.000893131,1
96.2,7.8,500,0,0.000894421,1
68,35.8,500,0,0.000895347,1
91.6,27.4,500,0,0.000895919,1
93.6,27.4,500,0,0.000895919,1
91.4,25.6,500,0,0.000897733,1
93.8,25.6,500,0,0.000897733,1
91.4,27.2,500,0,0.000909973,1
93.8,27.2,500,0,0.000909973,1
68.2,35.4,500,0,0.000916982,1
73.6,38.6,500,0,0.000918312,1
93.4,7,500,0,0.000923776,1
69.2,34.6,500,0,0.000929898,1
73.4,37.6,500,0,0.000935295,1
73.8,36.6,500,0,0.000935359,1
73.8,36.4,500,0,0.000957234,1
70.2,39.4,500,0,0.000959626,1
65.6,33.4,500,0,0.00096395,1
68.4,33.4,500,0,0.00096395,1
65.6,34.6,500,0,0.000981896,1
66.4,35.2,500,0,0.000997743,1
91.2,26,500,0,0.00100054,1
94,26,500,0,0.00100054,1
99.2,7.2,500,0,0.00100143,1
94,9,500,0,0.00100177,1
66,33,500,0,0.00100421,1
68,33,500,0,0.00100421,1
95.2,9,500,0,0.00100686,1
67.6,35.2,500,0,0.00100721,1
92,27.6,500,0,0.00100722,1
93.2,27.6,500,0,0.00100722,1
66,35,500,0,0.00100838,1
68.4,34.6,500,0,0.00100936,1
91.2,26.8,500,0,0.00101233,1
94,26.8,500,0,0.00101233,1
66.4,32.8,500,0,0.00101414,1
67.6,32.8,500,0,0.00101414,1
100.8,7,500,0,0.00101546,1
70.4,39.6,500,0,0.00101556,1
92,25.2,500,0,0.00101787,1
93.2,25.2,500,0,0.00101787,1
73.6,39.4,500,0,0.00102112,1
100.4,4.6,500,0,0.00102113,1
98.6,6.6,500,0,0.00102432,1
73.6,37.2,500,0,0.00102609,1
100.8,5,500,0,0.00103418,1
100.4,4.4,500,0,0.00104089,1
93.4,8.4,500,0,0.00104357,1
68.4,37.6,500,0,0.00104725,1
68,35,500,0,0.00105173,1
96,5.2,500,0,0.00105314,1
70,39.2,500,0,0.00105545,1
72.2,34.6,500,0,0.0010605,1
73.4,39.8,500,0,0.00106378,1
72.6,34.8,500,0,0.00107061,1
96.6,5.8,500,0,0.00107562,1
69.8,34.4,500,0,0.00108049,1
71.6,34.4,500,0,0.00109826,1
101,5.2,500,0,0.00110201,1
65.8,33.2,500,0,0.00110338,1
68.2,33.2,500,0,0.00110338,1
101,6.8,500,0,0.00110709,1
100.4,7.2,500,0,0.00111016,1
97.6,2.8,500,0,0.00111599,1
65.8,34.8,500,0,0.0011179,1
97.6,4.2,500,0,0.00111791,1
68.6,35,500,0,0.0011207,1
73.6,38.8,500,0,0.00112894,1
94.4,5.4,500,0,0.00113275,1
68.6,37.8,500,0,0.00113699,1
69,38.2,500,0,0.00113945,1
68.4,35.2,500,0,0.00114206,1
68.8,38,500,0,0.00114412,1
95.8,8.4,500,0,0.00114939,1
73.6,35.8,500,0,0.00115115,1
70.6,39.8,500,0,0.00115212,1
68.2,34.8,500,0,0.00115733,1
94,5.8,500,0,0.0011593,1
93.6,6.6,500,0,0.00116554,1
73.6,39.2,500,0,0.00118304,1
97.8,2.4,500,0,0.00119293,1
73.2,40,500,0,0.00121477,1
68,36,500,0,0.00121879,1
96.4,7.4,500,0,0.00122243,1
73.6,39,500,0,0.00122641,1
91.2,26.2,500,0,0.00123223,1
94,26.2,500,0,0.00123223,1
100.4,2.8,500,0,0.00123535,1
97.8,4.6,500,0,0.00123603,1
96,8,500,0,0.00123826,1
91.2,26.6,500,0,0.00123948,1
94,26.6,500,0,0.00123948,1
73.2,38,500,0,0.00124202,1
70.8,40,500,0,0.00124581,1
68,36.8,500,0,0.00125194,1
100.2,2.4,500,0,0.00125194,1
73.4,38.4,500,0,0.00125253,1
69.8,39,500,0,0.00125427,1
94.8,5.2,500,0,0.00125689,1
66.6,35.2,500,0,0.00125814,1
67.4,35.2,500,0,0.00125814,1
94.2,5.6,500,0,0.00126285,1
93.4,7.2,500,0,0.00126367,1
69.2,38.4,500,0,0.0012654,1
66.6,32.8,500,0,0.00128735,1
67.4,32.8,500,0,0.00128735,1
100.4,4.2,500,0,0.00128894,1
96.6,7,500,0,0.00130523,1
98.4,5.2,500,0,0.00132106,1
92.2,27.6,500,0,0.00132169,1
93,27.6,500,0,0.00132169,1
91.2,26.4,500,0,0.00132342,1
94,26.4,500,0,0.00132342,1
99,7,500,0,0.00132502,1
93.8,8.8,500,0,0.00133086,1
98.8,6.8,500,0,0.00133515,1
92.2,25.2,500,0,0.00134332,1
93,25.2,500,0,0.00134332,1
95.4,8.8,500,0,0.00134838,1
93.6,8.6,500,0,0.00135076,1
69.4,38.6,500,0,0.00136113,1
65.6,33.6,500,0,0.00136158,1
68.4,33.6,500,0,0.00136158,1
65.6,34.4,500,0,0.00137842,1
68.4,34.4,500,0,0.00138222,1
93.8,6.2,500,0,0.001386,1
69.6,38.8,500,0,0.00138922,1
96.2,5.4,500,0,0.00139201,1
73.2,37.8,500,0,0.00139504,1
95.6,8.6,500,0,0.0013987,1
94.2,9,500,0,0.00140037,1
96.4,5.6,500,0,0.00140177,1
99.4,7.2,500,0,0.00140467,1
95,9,500,0,0.00140581,1
100.4,4.8,500,0,0.00143797,1
98.6,6.4,500,0,0.00144163,1
97.6,4,500,0,0.00144509,1
66.8,35.2,500,0,0.00144597,1
67.2,35.2,500,0,0.00144597,1
91.4,25.8,500,0,0.0014521,1
93.8,25.8,500,0,0.0014521,1
91.8,27.4,500,0,0.00146239,1
93.4,27.4,500,0,0.00146239,1
91.8,25.4,500,0,0.00146547,1
93.4,25.4,500,0,0.00146547,1
91.4,27,500,0,0.00146692,1
93.8,27,500,0,0.00146692,1
97.6,3,500,0,0.00146987,1
93.4,8.2,500,0,0.00147353,1
100.2,7.2,500,0,0.00147473,1
73.4,39.6,500,0,0.00147847,1
66.8,32.8,500,0,0.00148544,1
67.2,32.8,500,0,0.00148544,1
98.2,5,500,0,0.00149113,1
98,2.2,500,0,0.00149548,1
95.8,5.2,500,0,0.00149958,1
71.4,34.4,500,0,0.00149964,1
70,34.4,500,0,0.00150004,1
73.6,37,500,0,0.00150523,1
68.2,37.2,500,0,0.00150807,1
67,35.2,500,0,0.00151461,1
98,4.8,500,0,0.00152025,1
73.4,37.4,500,0,0.00152155,1
100,2.2,500,0,0.00152662,1
68,36.6,500,0,0.0015277,1
66.2,35,500,0,0.00153231,1
68,36.2,500,0,0.00153237,1
96.2,7.6,500,0,0.00153625,1
96.6,6,500,0,0.00153847,1
98.2,2,500,0,0.00153995,1
66.2,33,500,0,0.00154126,1
67.8,33,500,0,0.00154126,1
68.2,35.6,500,0,0.0015423,1
67.8,35,500,0,0.00154396,1
99.8,2,500,0,0.00155205,1
92.4,27.6,500,0,0.00155573,1
92.8,27.6,500,0,0.00155573,1
73.2,38.2,500,0,0.00155775,1
67,32.8,500,0,0.00155803,1
72.8,35,500,0,0.00157228,1
70.4,39.4,500,0,0.0015794,1
92.4,25.2,500,0,0.00158662,1
92.8,25.2,500,0,0.00158662,1
93.6,6.8,500,0,0.00158707,1
69,34.8,500,0,0.00158969,1
69.4,34.6,500,0,0.00160311,1
100.6,7,500,0,0.00161166,1
100.4,4,500,0,0.00161402,1
93.4,7.4,500,0,0.00162009,1
98.6,5.4,500,0,0.00162021,1
100.4,3,500,0,0.00162715,1
68,36.4,500,0,0.00163441,1
92.6,27.6,500,0,0.00164262,1
70.2,39.2,500,0,0.00164923,1
91.6,25.6,500,0,0.00164941,1
93.6,25.6,500,0,0.00164941,1
98.6,5.6,500,0,0.00164948,1
73.4,35.6,500,0,0.00165316,1
91.6,27.2,500,0,0.00165796,1
93.6,27.2,500,0,0.00165796,1
73.6,36,500,0,0.00166853,1
100.6,5,500,0,0.00167487,1
65.6,33.8,500,0,0.00167714,1
68.4,33.8,500,0,0.00167714,1
92.6,25.2,500,0,0.00167714,1
95,5.2,500,0,0.00167917,1
65.6,34.2,500,0,0.00168748,1
68.4,34.2,500,0,0.00168748,1
94.4,9,500,0,0.00171507,1
94.8,9,500,0,0.00171719,1
73.4,38.6,500,0,0.00172119,1
97.6,3.8,500,0,0.00172131,1
99.6,7.2,500,0,0.00172361,1
70.6,39.6,500,0,0.00172595,1
96.6,6.8,500,0,0.00173845,1
100,7.2,500,0,0.00175589,1
72,34.6,500,0,0.00175634,1
97.6,3.2,500,0,0.00175685,1
98.6,6.2,500,0,0.00177351,1
101,5.4,500,0,0.00178048,1
95.8,8.2,500,0,0.00178447,1
65.8,33.4,500,0,0.00178467,1
68.2,33.4,500,0,0.00178467,1
101,6.6,500,0,0.00178663,1
65.6,34,500,0,0.00180149,1
68.4,34,500,0,0.00180149,1
65.8,34.6,500,0,0.00180225,1
68.2,34.6,500,0,0.00180789,1
73.2,39.8,500,0,0.00180975,1
93.4,8,500,0,0.00182045,1
98.6,5.8,500,0,0.00183202,1
94.6,9,500,0,0.00183489,1
99.8,7.2,500,0,0.00185408,1
66,33.2,500,0,0.00186037,1
68,33.2,500,0,0.00186037,1
66,34.8,500,0,0.00186656,1
95.6,5.2,500,0,0.00187259,1
97.8,2.6,500,0,0.00187559,1
68,34.8,500,0,0.0018781,1
100.8,6.8,500,0,0.00187966,1
100.8,5.2,500,0,0.00188486,1
70.2,34.4,500,0,0.00188951,1
93.4,7.6,500,0,0.00189013,1
97.6,3.6,500,0,0.00189068,1
73.4,39.4,500,0,0.00189183,1
71.2,34.4,500,0,0.00189578,1
70.8,39.8,500,0,0.00190184,1
73,40,500,0,0.00190193,1
94.6,5.4,500,0,0.00190382,1
100.2,4.6,500,0,0.00190488,1
97.6,3.4,500,0,0.00190749,1
100.4,3.8,500,0,0.00190917,1
98.6,6,500,0,0.00191127,1
97.8,4.4,500,0,0.00192063,1
73.2,35.4,500,0,0.00192711,1
96.6,6.2,500,0,0.00192743,1
73,35.2,500,0,0.00193085,1
71,40,500,0,0.00193171,1
96,7.8,500,0,0.0019374,1
70,39,500,0,0.00194152,1
100.4,3.2,500,0,0.00194491,1
72.4,34.8,500,0,0.00196573,1
100.2,2.6,500,0,0.00196841,1
93.4,7.8,500,0,0.00197404,1
95.2,5.2,500,0,0.0019787,1
94,6,500,0,0.00198205,1
93.8,6.4,500,0,0.00199047,1
96.4,7.2,500,0,0.00199144,1
73.6,36.8,500,0,0.00202253,1
96.6,6.6,500,0,0.00204303,1
91.4,26,500,0,0.00204827,1
93.8,26,500,0,0.00204827,1
95.4,5.2,500,0,0.00205299,1
91.4,26.8,500,0,0.00206218,1
93.8,26.8,500,0,0.00206218,1
68.4,37.4,500,0,0.00208838,1
100.4,3.6,500,0,0.00209328,1
68.4,35.4,500,0,0.00209399,1
73.4,38.8,500,0,0.00210935,1
100.4,3.4,500,0,0.00211178,1
73.2,37.6,500,0,0.00211395,1
96.6,6.4,500,0,0.00211757,1
98.6,5.2,500,0,0.00212041,1
66.4,35,500,0,0.00212171,1
67.6,35,500,0,0.00212395,1
99.2,7,500,0,0.00212686,1
94,8.8,500,0,0.00213196,1
93.6,7,500,0,0.00213389,1
92,27.4,500,0,0.00214077,1
93.2,27.4,500,0,0.00214077,1
68.8,35,500,0,0.00214099,1
95.2,8.8,500,0,0.00214911,1
66.4,33,500,0,0.00215071,1
67.6,33,500,0,0.00215071,1
98.8,6.6,500,0,0.00215543,1
92,25.4,500,0,0.00215963,1
93.2,25.4,500,0,0.00215963,1
73.6,36.2,500,0,0.00217422,1
93.6,8.4,500,0,0.00218542,1
73.4,39.2,500,0,0.00219567,1
73.2,38.4,500,0,0.00219952,1
70.4,34.4,500,0,0.00221085,1
71,34.4,500,0,0.00221192,1
100.2,4.8,500,0,0.00222953,1
100.2,4.4,500,0,0.00223381,1
69.8,38.8,500,0,0.00225676,1
96,5.4,500,0,0.00226948,1
73.4,39,500,0,0.00228594,1
96.4,5.8,500,0,0.00229836,1
69.2,38.2,500,0,0.00231216,1
73,38,500,0,0.00232245,1
94.4,5.6,500,0,0.00234329,1
95.6,8.4,500,0,0.0023441,1
73.6,36.6,500,0,0.0023555,1
100.4,7,500,0,0.00235752,1
68.6,35.2,500,0,0.00236116,1
94.2,5.8,500,0,0.00236856,1
69.6,38.6,500,0,0.00237836,1
68.2,37,500,0,0.00238107,1
70.6,34.4,500,0,0.00238759,1
70.8,34.4,500,0,0.0023899,1
69.4,38.4,500,0,0.00239031,1
68.2,35.8,500,0,0.00239495,1
73.6,36.4,500,0,0.00241551,1
69,38,500,0,0.00241581,1
99,6.8,500,0,0.00245354,1
98.4,5,500,0,0.00245985,1
93.8,8.6,500,0,0.00247184,1
73.4,37.2,500,0,0.00247645,1
98.4,2,500,0,0.00248414,1
68.6,37.6,500,0,0.00248492,1
99.6,2,500,0,0.00249065,1
70.4,39.2,500,0,0.00249745,1
101,5.6,500,0,0.0025086,1
101,6.4,500,0,0.00251438,1
65.8,33.6,500,0,0.00251725,1
68.2,33.6,500,0,0.00251725,1
73.2,39.6,500,0,0.0025191,1
91.4,26.2,500,0,0.0025195,1
93.8,26.2,500,0,0.0025195,1
70.6,39.4,500,0,0.00252674,1
100.4,5,500,0,0.00252765,1
91.4,26.6,500,0,0.00252804,1
93.8,26.6,500,0,0.00252804,1
98,2.4,500,0,0.00252838,1
68.8,37.8,500,0,0.00253208,1
65.8,34.4,500,0,0.00253375,1
68.2,34.4,500,0,0.00253375,1
95.4,8.6,500,0,0.00253413,1
69.6,34.6,500,0,0.00255186,1
96.2,7.4,500,0,0.00257887,1
100,2.4,500,0,0.00258106,1
96.2,5.6,500,0,0.0026165,1
98,4.6,500,0,0.00261691,1
95.8,8,500,0,0.00262707,1
73,38.2,500,0,0.00263628,1
91.6,25.8,500,0,0.00266522,1
93.6,25.8,500,0,0.00266522,1
93.8,6.6,500,0,0.00267207,1
91.6,27,500,0,0.00267555,1
93.6,27,500,0,0.00267555,1
66.6,35,500,0,0.00267696,1
67.4,35,500,0,0.00267696,1
91.4,26.4,500,0,0.00270259,1
93.8,26.4,500,0,0.00270259,1
91.8,27.2,500,0,0.00270861,1
93.4,27.2,500,0,0.00270861,1
97.8,4.2,500,0,0.00271043,1
97.8,2.8,500,0,0.00271053,1
91.8,25.6,500,0,0.00271318,1
93.4,25.6,500,0,0.00271318,1
71.8,34.6,500,0,0.00272079,1
66.6,33,500,0,0.00272863,1
67.4,33,500,0,0.00272863,1
72.8,40,500,0,0.00274471,1
73.4,35.8,500,0,0.00275451,1
98.2,2.2,500,0,0.00276529,1
71.2,40,500,0,0.00277102,1
70.8,39.6,500,0,0.00277787,1
99.8,2.2,500,0,0.00278704,1
93.6,7.2,500,0,0.00280537,1
92.2,27.4,500,0,0.00281053,1
93,27.4,500,0,0.00281053,1
98.2,4.8,500,0,0.00281507,1
73,37.8,500,0,0.00283574,1
73,39.8,500,0,0.00283717,1
94.8,5.4,500,0,0.00283817,1
66.2,34.8,500,0,0.00283924,1
67.8,34.8,500,0,0.00284182,1
100.2,2.8,500,0,0.00284475,1
92.2,25.4,500,0,0.00284882,1
93,25.4,500,0,0.00284882,1
70.2,39,500,0,0.00284907,1
69.2,34.8,500,0,0.00285204,1
66.2,33.2,500,0,0.00285248,1
67.8,33.2,500,0,0.00285248,1
98.8,5.4,500,0,0.00288684,1
100.2,4.2,500,0,0.00291327,1
71,39.8,500,0,0.00292552,1
96.4,7,500,0,0.00293096,1
73.2,38.6,500,0,0.00297449,1
94.2,8.8,500,0,0.00298263,1
99.4,7,500,0,0.00298368,1
100.6,6.8,500,0,0.00298394,1
95,8.8,500,0,0.00299773,1
66,33.4,500,0,0.00300544,1
68,33.4,500,0,0.00300544,1
100.6,5.2,500,0,0.00300948,1
66,34.6,500,0,0.00301294,1
68,34.6,500,0,0.00301532,1
72.6,35,500,0,0.00302372,1
100.8,5.4,500,0,0.00303202,1
100.8,6.6,500,0,0.00303413,1
98.8,6.4,500,0,0.00303442,1
94,6.2,500,0,0.0030435,1
66.8,35,500,0,0.00307763,1
67.2,35,500,0,0.00307763,1
101,5.8,500,0,0.00308225,1
101,6.2,500,0,0.0030858,1
96,7.6,500,0,0.00308998,1
93.6,8.2,500,0,0.00309024,1
65.8,33.8,500,0,0.00309621,1
68.2,33.8,500,0,0.00309621,1
65.8,34.2,500,0,0.00310633,1
68.2,34.2,500,0,0.00310633,1
100.2,7,500,0,0.00313227,1
66.8,33,500,0,0.00314748,1
67.2,33,500,0,0.00314748,1
98.8,5.2,500,0,0.00315775,1
67,35,500,0,0.00322409,1
73.2,39.4,500,0,0.00322834,1
95.8,5.4,500,0,0.00324506,1
98.8,5.6,500,0,0.00328993,1
96.4,6,500,0,0.00330069,1
67,33,500,0,0.00330092,1
101,6,500,0,0.00330253,1
100,4.8,500,0,0.00330687,1
92.4,27.4,500,0,0.00330918,1
92.8,27.4,500,0,0.00330918,1
68.2,36,500,0,0.00331062,1
65.8,34,500,0,0.003321,1
68.2,34,500,0,0.003321,1
68.2,36.8,500,0,0.00334825,1
92.4,25.4,500,0,0.00336385,1
92.8,25.4,500,0,0.00336385,1
100,4.6,500,0,0.00339278,1
70,38.8,500,0,0.0034071,1
72.2,34.8,500,0,0.00341144,1
93.8,6.8,500,0,0.00345371,1
73.2,37.4,500,0,0.00346719,1
92.6,27.4,500,0,0.00349434,1
98.6,2,500,0,0.0034955,1
99.4,2,500,0,0.00349817,1
93.6,7.4,500,0,0.00350401,1
97.8,4,500,0,0.00350473,1
100.2,5,500,0,0.0035264,1
95.6,8.2,500,0,0.00355233,1
92.6,25.4,500,0,0.00355544,1
97.8,3,500,0,0.00356934,1
73,38.4,500,0,0.00357811,1
98.6,5,500,0,0.00359929,1
73.4,37,500,0,0.00361902,1
73.2,38.8,500,0,0.00362591,1
94.4,8.8,500,0,0.00364992,1
72.6,40,500,0,0.00365089,1
94.8,8.8,500,0,0.00365882,1
99.6,7,500,0,0.00366142,1
71.4,40,500,0,0.00367228,1
70.6,39.2,500,0,0.00369349,1
100.2,4,500,0,0.00369752,1
100,7,500,0,0.00372987,1
98.8,6.2,500,0,0.00373038,1
100.2,3,500,0,0.00374619,1
95,5.4,500,0,0.00374627,1
69.8,34.6,500,0,0.00374825,1
73.2,35.6,500,0,0.00374924,1
68.4,35.6,500,0,0.00374993,1
91.6,26,500,0,0.00375554,1
93.6,26,500,0,0.00375554,1
73.2,39.2,500,0,0.00375851,1
91.6,26.8,500,0,0.00376524,1
93.6,26.8,500,0,0.00376524,1
68.4,37.2,500,0,0.0037739,1
98.8,5.8,500,0,0.00380251,1
95.8,7.8,500,0,0.00382502,1
93.6,8,500,0,0.0038271,1
96.4,6.8,500,0,0.00384896,1
94.6,5.6,500,0,0.00386781,1
69.8,38.6,500,0,0.00388771,1
72.8,35.2,500,0,0.00388826,1
70.8,39.4,500,0,0.00389331,1
94.6,8.8,500,0,0.00390708,1
73.2,39,500,0,0.00391741,1
71.6,34.6,500,0,0.00392049,1
66.4,34.8,500,0,0.00393444,1
67.6,34.8,500,0,0.00393444,1
99.8,7,500,0,0.00393865,1
99.2,6.8,500,0,0.00393905,1
73,39.6,500,0,0.00395435,1
94,8.6,500,0,0.00395645,1
99,6.6,500,0,0.00396188,1
94.2,6,500,0,0.00396467,1
92,27.2,500,0,0.00396779,1
93.2,27.2,500,0,0.00396779,1
98,2.6,500,0,0.0039747,1
66.4,33.2,500,0,0.0039774,1
67.6,33.2,500,0,0.0039774,1
73.4,36,500,0,0.00398994,1
92,25.6,500,0,0.00399573,1
93.2,25.6,500,0,0.00399573,1
93.8,8.4,500,0,0.00400327,1
70.4,39,500,0,0.00400669,1
98.8,6,500,0,0.00400975,1
95.2,8.6,500,0,0.00402457,1
93.6,7.6,500,0,0.00403066,1
100,2.6,500,0,0.00405757,1
98,4.4,500,0,0.00406251,1
96.2,7.2,500,0,0.00406361,1
95.6,5.4,500,0,0.00407391,1
68.2,36.6,500,0,0.00407971,1
68.2,36.2,500,0,0.00408288,1
72.8,38,500,0,0.00409006,1
72.8,39.8,500,0,0.00409874,1
69,35,500,0,0.00412891,1
69.6,38.4,500,0,0.00414149,1
96.4,6.2,500,0,0.00415669,1
93.6,7.8,500,0,0.00417137,1
97.8,3.8,500,0,0.00417585,1
71.2,39.8,500,0,0.00417675,1
73,35.4,500,0,0.00417698,1
71,39.6,500,0,0.00420356,1
95.4,8.4,500,0,0.00420833,1
72.8,38.2,500,0,0.00421856,1
66,33.6,500,0,0.00423402,1
68,33.6,500,0,0.00423402,1
66,34.4,500,0,0.00424104,1
68,34.4,500,0,0.00424104,1
94,6.4,500,0,0.00424352,1
100.8,5.6,500,0,0.00426496,1
97.8,3.2,500,0,0.00426531,1
100.8,6.4,500,0,0.004271,1
96,5.6,500,0,0.00428349,1
98.8,2,500,0,0.00429052,1
69.4,38.2,500,0,0.00429072,1
99.2,2,500,0,0.00429131,1
96.2,5.8,500,0,0.0043076,1
94.4,5.8,500,0,0.00430791,1
68.2,36.4,500,0,0.00435673,1
100.4,6.8,500,0,0.0043658,1
95.2,5.4,500,0,0.00437002,1
91.8,27,500,0,0.00437487,1
93.4,27,500,0,0.00437487,1
91.8,25.8,500,0,0.00438043,1
93.4,25.8,500,0,0.00438043,1
100.2,3.8,500,0,0.00438774,1
93.8,7,500,0,0.00439896,1
99,5.2,500,0,0.00440678,1
100,4.4,500,0,0.00440729,1
100.4,5.2,500,0,0.00444392,1
98.4,2.2,500,0,0.00446042,1
99.6,2.2,500,0,0.00447215,1
73,37.6,500,0,0.00447396,1
72.4,40,500,0,0.00447611,1
100.2,3.2,500,0,0.00447677,1
96.4,6.6,500,0,0.00447904,1
71.6,40,500,0,0.00449213,1
95.4,5.4,500,0,0.0044965,1
100,5,500,0,0.00453831,1
98.4,4.8,500,0,0.00456091,1
66.2,34.6,500,0,0.00458764,1
67.8,34.6,500,0,0.00458764,1
97.8,3.6,500,0,0.00458798,1
99,2,500,0,0.004594,1
96.4,6.4,500,0,0.00459997,1
66.2,33.4,500,0,0.00460368,1
67.8,33.4,500,0,0.00460368,1
91.6,26.2,500,0,0.00461474,1
93.6,26.2,500,0,0.00461474,1
91.6,26.6,500,0,0.00462071,1
93.6,26.6,500,0,0.00462071,1
97.8,3.4,500,0,0.00462996,1
98.2,2.4,500,0,0.00467472,1
99.8,4.8,500,0,0.0046752,1
69.2,38,500,0,0.00467548,1
99.8,2.4,500,0,0.00471152,1
98.8,5,500,0,0.00471532,1
68.6,35.4,500,0,0.00473284,1
99,5.4,500,0,0.00474756,1
73,38.6,500,0,0.00475231,1
73.4,36.8,500,0,0.00481332,1
100.2,3.6,500,0,0.00481578,1
70.2,38.8,500,0,0.00481771,1
100.6,6.6,500,0,0.00481776,1
100.6,5.4,500,0,0.0048256,1
98.2,4.6,500,0,0.00483358,1
69.4,34.8,500,0,0.00484232,1
100.2,3.4,500,0,0.00485967,1
68.8,35.2,500,0,0.00489127,1
68.6,37.4,500,0,0.00489804,1
96,7.4,500,0,0.00489912,1
91.6,26.4,500,0,0.00494494,1
93.6,26.4,500,0,0.00494494,1
66.6,34.8,500,0,0.00496689,1
67.4,34.8,500,0,0.00496689,1
95.6,8,500,0,0.00501312,1
66.6,33.2,500,0,0.00504341,1
67.4,33.2,500,0,0.00504341,1
72.2,40,500,0,0.00506237,1
71.8,40,500,0,0.00506931,1
73,39.4,500,0,0.00507845,1
70,34.6,500,0,0.00511827,1
73.4,36.2,500,0,0.00515339,1
69,37.8,500,0,0.00517915,1
66,33.8,500,0,0.00520151,1
68,33.8,500,0,0.00520151,1
66,34.2,500,0,0.00520581,1
68,34.2,500,0,0.00520581,1
92.2,27.2,500,0,0.0052117,1
93,27.2,500,0,0.0052117,1
100.8,5.8,500,0,0.00523912,1
100.8,6.2,500,0,0.00524283,1
71.4,34.6,500,0,0.00526198,1
92.2,25.6,500,0,0.00526841,1
93,25.6,500,0,0.00526841,1
72,40,500,0,0.0052757,1
70.8,39.2,500,0,0.00532488,1
68.8,37.6,500,0,0.00538575,1
99.8,5,500,0,0.00540394,1
72.8,38.4,500,0,0.00540817,1
72.8,37.8,500,0,0.00544036,1
70.6,39,500,0,0.0054568,1
72.6,39.8,500,0,0.00545969,1
94,6.6,500,0,0.00547835,1
72.4,35,500,0,0.00550418,1
71.4,39.8,500,0,0.00551989,1
93.8,7.2,500,0,0.00552522,1
99.4,6.8,500,0,0.00552668,1
94.2,8.6,500,0,0.00553944,1
72,34.8,500,0,0.00555691,1
66,34,500,0,0.00557237,1
68,34,500,0,0.00557237,1
99,6.4,500,0,0.00557887,1
73.4,36.6,500,0,0.00559317,1
95,8.6,500,0,0.00559907,1
99,5,500,0,0.00560202,1
73.2,37.2,500,0,0.00560643,1
100.8,6,500,0,0.00561231,1
99.8,4.6,500,0,0.00562706,1
95.8,7.6,500,0,0.00565416,1
93.8,8.2,500,0,0.00567023,1
94.8,5.6,500,0,0.00567273,1
66.8,34.8,500,0,0.00571223,1
67.2,34.8,500,0,0.00571223,1
71,39.4,500,0,0.00571581,1
72.8,39.6,500,0,0.00572275,1
73.4,36.4,500,0,0.00572339,1
98,4.2,500,0,0.0057345,1
98,2.8,500,0,0.00574323,1
73,38.8,500,0,0.00574456,1
99.2,5.2,500,0,0.00576919,1
100.2,6.8,500,0,0.00580149,1
70,38.6,500,0,0.00581165,1
66.8,33.2,500,0,0.00581567,1
67.2,33.2,500,0,0.00581567,1
96.2,7,500,0,0.0058428,1
99,5.6,500,0,0.00585497,1
100,2.8,500,0,0.00586306,1
68.4,35.8,500,0,0.00591659,1
73,39.2,500,0,0.00592008,1
100,4.2,500,0,0.00593599,1
68.4,37,500,0,0.00593646,1
71.2,39.6,500,0,0.00593984,1
94.2,6.2,500,0,0.00594776,1
67,34.8,500,0,0.00598475,1
100.2,5.2,500,0,0.00598609,1
99.6,5,500,0,0.00599848,1
67,33.2,500,0,0.00609853,1
99.2,5,500,0,0.00612657,1
92.4,27.2,500,0,0.00613816,1
92.8,27.2,500,0,0.00613816,1
95.8,5.6,500,0,0.00615735,1
91.8,26.8,500,0,0.00616199,1
93.4,26.8,500,0,0.00616199,1
91.8,26,500,0,0.00616721,1
93.4,26,500,0,0.00616721,1
73,39,500,0,0.00618437,1
73.2,35.8,500,0,0.00621223,1
96.2,6,500,0,0.00621859,1
92.4,25.6,500,0,0.00621914,1
92.8,25.6,500,0,0.00621914,1
99.6,4.8,500,0,0.00623703,1
99.4,5,500,0,0.00625228,1
95.4,8.2,500,0,0.00626329,1
98.6,2.2,500,0,0.00627605,1
99.4,2.2,500,0,0.00628086,1
99.2,6.6,500,0,0.00636181,1
66.4,34.6,500,0,0.00636226,1
67.6,34.6,500,0,0.00636226,1
72.6,38.2,500,0,0.00641241,1
92,27,500,0,0.00641301,1
93.2,27,500,0,0.00641301,1
66.4,33.4,500,0,0.00641428,1
67.6,33.4,500,0,0.00641428,1
94,8.4,500,0,0.00641508,1
70.4,38.8,500,0,0.00643006,1
92,25.8,500,0,0.00644687,1
93.2,25.8,500,0,0.00644687,1
70.2,34.6,500,0,0.00646403,1
66.2,34.4,500,0,0.0064641,1
67.8,34.4,500,0,0.0064641,1
98.6,4.8,500,0,0.00647695,1
66.2,33.6,500,0,0.00647918,1
67.8,33.6,500,0,0.00647918,1
92.6,27.2,500,0,0.00648222,1
92.6,25.6,500,0,0.00657275,1
71.2,34.6,500,0,0.00657467,1
69.8,38.4,500,0,0.00658923,1
95.2,8.4,500,0,0.00663847,1
93.8,7.4,500,0,0.00668535,1
72.4,39.8,500,0,0.00670028,1
94,6.8,500,0,0.00673565,1
71.6,39.8,500,0,0.00674123,1
99.6,6.8,500,0,0.00678257,1
100.6,6.4,500,0,0.00678327,1
100.6,5.6,500,0,0.00678374,1
94.4,8.6,500,0,0.00678481,1
94.8,8.6,500,0,0.00682052,1
99,6.2,500,0,0.00685606,1
95.6,7.8,500,0,0.00685631,1
72.6,38,500,0,0.00686337,1
100,6.8,500,0,0.00690913,1
99,5.8,500,0,0.00693486,1
94.6,5.8,500,0,0.00697518,1
72.8,38.6,500,0,0.00701741,1
99.4,5.2,500,0,0.00702793,1
93.8,8,500,0,0.00704692,1
100.4,6.6,500,0,0.00705031,1
94.4,6,500,0,0.00706031,1
100.4,5.4,500,0,0.00708248,1
96,5.8,500,0,0.00708922,1
99.2,5.4,500,0,0.00710207,1
70.8,39,500,0,0.00724813,1
94.6,8.6,500,0,0.00727061,1
69.6,38.2,500,0,0.00727817,1
100,5.2,500,0,0.00729022,1
99.8,6.8,500,0,0.00729622,1
98.2,2.6,500,0,0.00734798,1
72.8,39.4,500,0,0.00735873,1
99,6,500,0,0.00735883,1
95,5.6,500,0,0.00738135,1
99.8,2.6,500,0,0.00740588,1
73,37.4,500,0,0.00741555,1
96,7.2,500,0,0.00741656,1
98,4,500,0,0.00741686,1
71,39.2,500,0,0.00742688,1
72.6,35.2,500,0,0.00743687,1
98.2,4.4,500,0,0.0075023,1
69.2,35,500,0,0.0075277,1
98.4,2.4,500,0,0.0075397,1
96.2,6.8,500,0,0.00754132,1
93.8,7.6,500,0,0.00754341,1
99.6,2.4,500,0,0.00755957,1
70.4,34.6,500,0,0.00756082,1
98,3,500,0,0.00756168,1
91.8,26.6,500,0,0.00756853,1
93.4,26.6,500,0,0.00756853,1
91.8,26.2,500,0,0.00757171,1
93.4,26.2,500,0,0.00757171,1
72.2,39.8,500,0,0.00757915,1
100,4,500,0,0.00759458,1
71.8,39.8,500,0,0.00759974,1
71,34.6,500,0,0.00762701,1
72.6,39.6,500,0,0.00762823,1
72.6,38.4,500,0,0.00764732,1
69.6,34.8,500,0,0.00766715,1
98.8,2.2,500,0,0.00770322,1
99.2,2.2,500,0,0.00770466,1
100,3,500,0,0.00771959,1
93.8,7.8,500,0,0.00772317,1
99.4,4.8,500,0,0.00773045,1
95.6,5.6,500,0,0.00778194,1
98.4,4.6,500,0,0.00779613,1
71.4,39.6,500,0,0.00780016,1
99.8,4.4,500,0,0.00783252,1
99.6,5.2,500,0,0.00786283,1
96.2,6.2,500,0,0.00788668,1
72,39.8,500,0,0.00790349,1
73,35.6,500,0,0.00791291,1
71.2,39.4,500,0,0.00791648,1
66.2,34.2,500,0,0.00794254,1
67.8,34.2,500,0,0.00794254,1
66.2,33.8,500,0,0.00795182,1
67.8,33.8,500,0,0.00795182,1
99.8,5.2,500,0,0.0079798,1
66.6,34.6,500,0,0.0080363,1
67.4,34.6,500,0,0.0080363,1
70.2,38.6,500,0,0.00806081,1
94.2,6.4,500,0,0.00806509,1
98.8,4.8,500,0,0.00808586,1
91.8,26.4,500,0,0.00810656,1
93.4,26.4,500,0,0.00810656,1
94,7,500,0,0.00811312,1
66.6,33.4,500,0,0.00812898,1
67.4,33.4,500,0,0.00812898,1
73.2,37,500,0,0.00816902,1
70.6,38.8,500,0,0.0081835,1
70.6,34.6,500,0,0.00818496,1
70.8,34.6,500,0,0.00820729,1
68.4,36,500,0,0.00820876,1
68.4,36.8,500,0,0.00824197,1
99,2.2,500,0,0.008248,1
100.6,5.8,500,0,0.00832626,1
100.6,6.2,500,0,0.00832858,1
69.4,38,500,0,0.00835448,1
72.8,35.4,500,0,0.00838616,1
72.8,38.8,500,0,0.00839854,1
95.8,7.4,500,0,0.00840835,1
92.2,27,500,0,0.00842757,1
93,27,500,0,0.00842757,1
71.8,34.8,500,0,0.00849594,1
92.2,25.8,500,0,0.00849629,1
93,25.8,500,0,0.00849629,1
99.6,4.6,500,0,0.00850053,1
95.2,5.6,500,0,0.00850554,1
66.2,34,500,0,0.00851029,1
67.8,34,500,0,0.00851029,1
68.6,35.6,500,0,0.00852395,1
95.4,8,500,0,0.00855282,1
72.8,39.2,500,0,0.0085909,1
96.2,6.6,500,0,0.0086592,1
95.4,5.6,500,0,0.00866071,1
68.6,37.2,500,0,0.00868503,1
99.2,4.8,500,0,0.00875176,1
72.8,37.6,500,0,0.00877902,1
96.2,6.4,500,0,0.00879927,1
98,3.8,500,0,0.00883929,1
99,4.8,500,0,0.00891683,1
100.6,6,500,0,0.00891746,1
99.4,6.6,500,0,0.00892709,1
99.2,6.4,500,0,0.00895993,1
66.4,34.4,500,0,0.00897159,1
67.6,34.4,500,0,0.00897159,1
94.2,8.4,500,0,0.00899403,1
72.8,39,500,0,0.00899727,1
73.2,36,500,0,0.00899765,1
66.4,33.6,500,0,0.00902047,1
67.6,33.6,500,0,0.00902047,1
100,3.8,500,0,0.00902983,1
98,3.2,500,0,0.00903448,1
92,26.8,500,0,0.00903879,1
93.2,26.8,500,0,0.00903879,1
92,26,500,0,0.00907059,1
93.2,26,500,0,0.00907059,1
94,8.2,500,0,0.0091079,1
95,8.4,500,0,0.0091893,1
100,3.2,500,0,0.0092233,1
99.2,5.6,500,0,0.00922367,1
66.8,34.6,500,0,0.00924534,1
67.2,34.6,500,0,0.00924534,1
72.4,38.2,500,0,0.00924907,1
100.2,6.6,500,0,0.00937035,1
72.4,39.6,500,0,0.00937056,1
66.8,33.4,500,0,0.00937063,1
67.2,33.4,500,0,0.00937063,1
71,39,500,0,0.00939897,1
95.6,7.6,500,0,0.0094136,1
100.2,5.4,500,0,0.00945057,1
72.2,35,500,0,0.00947313,1
71.6,39.6,500,0,0.00948891,1
99.4,5.4,500,0,0.00954084,1
69,35.2,500,0,0.00959366,1
72.6,38.6,500,0,0.00960461,1
70,38.4,500,0,0.00967551,1
94,7.2,500,0,0.00968278,1
67,34.6,500,0,0.00968751,1
98,3.6,500,0,0.00971394,1
72.6,37.8,500,0,0.00974306,1
95.2,8.2,500,0,0.00974785,1
69.2,37.8,500,0,0.00978623,1
98,3.4,500,0,0.00980494,1
72.6,39.4,500,0,0.00982235,1
67,33.4,500,0,0.00982532,1
71.2,39.2,500,0,0.00991573,1
100,3.6,500,0,0.00991736,1
92.4,27,500,0,0.00992857,1
92.8,27,500,0,0.00992857,1
100.4,6.4,500,0,0.00992863,1
100.4,5.6,500,0,0.00994142,1
68.8,35.4,500,0,0.0100042,1
100,3.4,500,0,0.0100101,1
92.4,25.8,500,0,0.0100267,1
92.8,25.8,500,0,0.0100267,1
68.4,36.6,500,0,0.0100291,1
68.4,36.2,500,0,0.010031,1
70.8,38.8,500,0,0.0100361,1
94.2,6.6,500,0,0.0100433,1
94.8,5.8,500,0,0.0100485,1
72.4,38.4,500,0,0.0101739,1
95.8,5.8,500,0,0.0102585,1
71.4,39.4,500,0,0.0102632,1
96,6,500,0,0.0103053,1
94.4,6.2,500,0,0.010352,1
96,7,500,0,0.0103679,1
70.4,38.6,500,0,0.0104106,1
92.6,27,500,0,0.0104861,1
68.8,37.4,500,0,0.0105363,1
98.2,4.2,500,0,0.0105872,1
92.6,25.8,500,0,0.0105958,1
98.6,2.4,500,0,0.0106081,1
72.2,39.6,500,0,0.0106126,1
98.2,2.8,500,0,0.0106161,1
99.4,2.4,500,0,0.0106163,1
71.8,39.6,500,0,0.0106713,1
99.8,2.8,500,0,0.0106999,1
73.2,36.8,500,0,0.0107035,1
68.4,36.4,500,0,0.0107113,1
99.8,4.2,500,0,0.010757,1
69,37.6,500,0,0.0108203,1
72.4,38,500,0,0.0108824,1
99.6,6.6,500,0,0.0109565,1
98.6,4.6,500,0,0.0109852,1
99.2,6.2,500,0,0.0110094,1
66.4,34.2,500,0,0.0110321,1
67.6,34.2,500,0,0.0110321,1
94.4,8.4,500,0,0.0110386,1
66.4,33.8,500,0,0.0110622,1
67.6,33.8,500,0,0.0110622,1
72,39.6,500,0,0.0110799,1
99.2,5.8,500,0,0.0110866,1
95.4,7.8,500,0,0.0111007,1
92,26.6,500,0,0.0111094,1
93.2,26.6,500,0,0.0111094,1
92,26.2,500,0,0.0111289,1
93.2,26.2,500,0,0.0111289,1
94.8,8.4,500,0,0.0111518,1
100,6.6,500,0,0.0111606,1
94.6,6,500,0,0.0111984,1
69.8,34.8,500,0,0.0112712,1
94,7.4,500,0,0.0112782,1
100,5.4,500,0,0.0113266,1
72.6,38.8,500,0,0.0113353,1
66.6,34.4,500,0,0.0113385,1
67.4,34.4,500,0,0.0113385,1
94,8,500,0,0.0113617,1
69.8,38.2,500,0,0.0113934,1
99.6,5.4,500,0,0.011406,1
66.6,33.6,500,0,0.0114256,1
67.4,33.6,500,0,0.0114256,1
73.2,36.2,500,0,0.0114319,1
72.6,39.2,500,0,0.0114887,1
99.4,4.6,500,0,0.0115067,1
94.2,6.8,500,0,0.0117801,1
99.8,6.6,500,0,0.0117864,1
73,37.2,500,0,0.0118059,1
99.2,6,500,0,0.0118073,1
66.4,34,500,0,0.0118299,1
67.6,34,500,0,0.0118299,1
71.2,39,500,0,0.011834,1
98.4,2.6,500,0,0.0118503,1
94.6,8.4,500,0,0.0118566,1
99.6,2.6,500,0,0.0118815,1
92.2,26.8,500,0,0.0118839,1
93,26.8,500,0,0.0118839,1
92,26.4,500,0,0.0119071,1
93.2,26.4,500,0,0.0119071,1
92.2,26,500,0,0.0119485,1
93,26,500,0,0.0119485,1
71,38.8,500,0,0.0119636,1
72.6,39,500,0,0.0120696,1
99.8,5.4,500,0,0.0120762,1
72.4,39.4,500,0,0.0120833,1
98.4,4.4,500,0,0.0120888,1
95.8,7.2,500,0,0.0121445,1
71.6,34.8,500,0,0.0121539,1
100.4,6.2,500,0,0.0121929,1
100.4,5.8,500,0,0.0121975,1
72.4,38.6,500,0,0.0122264,1
99.6,4.4,500,0,0.0123659,1
71.6,39.4,500,0,0.0123845,1
73.2,36.6,500,0,0.0124213,1
94,7.6,500,0,0.0124226,1
71.4,39.2,500,0,0.0125388,1
94,7.8,500,0,0.0125449,1
99.4,6.4,500,0,0.0125745,1
70.6,38.6,500,0,0.012626,1
73.2,36.4,500,0,0.0127126,1
99.4,5.6,500,0,0.0127988,1
94.2,8.2,500,0,0.0128045,1
72.2,38.2,500,0,0.0128127,1
72.2,38.4,500,0,0.0128162,1
69.4,35,500,0,0.0128273,1
95,5.8,500,0,0.0128649,1
95.2,8,500,0,0.0129791,1
98.8,2.4,500,0,0.01302,1
99.2,2.4,500,0,0.0130224,1
66.8,34.4,500,0,0.0130488,1
67.2,34.4,500,0,0.0130488,1
100.4,6,500,0,0.0130575,1
95.6,7.4,500,0,0.0130692,1
95.6,5.8,500,0,0.013077,1
73,35.8,500,0,0.0130828,1
96,6.8,500,0,0.0131067,1
66.8,33.6,500,0,0.0131664,1
67.2,33.6,500,0,0.0131664,1
70.2,38.4,500,0,0.0131745,1
96,6.2,500,0,0.0131772,1
100.2,6.4,500,0,0.013198,1
100.2,5.6,500,0,0.0132333,1
95,8.2,500,0,0.0133581,1
94.2,7,500,0,0.0134165,1
72.4,35.2,500,0,0.0134657,1
68.6,35.8,500,0,0.0134994,1
98.8,4.6,500,0,0.0135327,1
68.6,37,500,0,0.0136184,1
94.4,6.4,500,0,0.0136693,1
67,34.4,500,0,0.0136744,1
98.2,4,500,0,0.013696,1
72.2,39.4,500,0,0.013705,1
67,33.6,500,0,0.0138038,1
99.2,4.6,500,0,0.0138082,1
99.8,4,500,0,0.0138281,1
71.8,39.4,500,0,0.0138569,1
69.6,38,500,0,0.0138597,1
71.2,38.8,500,0,0.0139156,1
99,2.4,500,0,0.0139406,1
66.6,34.2,500,0,0.0139505,1
67.4,34.2,500,0,0.0139505,1
98.2,3,500,0,0.0139756,1
66.6,33.8,500,0,0.014004,1
67.4,33.8,500,0,0.014004,1
92.4,26.8,500,0,0.0140046,1
92.8,26.8,500,0,0.0140046,1
99.8,3,500,0,0.014086,1
92.4,26,500,0,0.0140967,1
92.8,26,500,0,0.0140967,1
72.4,38.8,500,0,0.0141606,1
72.4,39.2,500,0,0.0141654,1
95.4,7.6,500,0,0.0142348,1
71.4,39,500,0,0.0143271,1
72,39.4,500,0,0.0143404,1
70.8,38.6,500,0,0.0145327,1
72.2,38.6,500,0,0.0145478,1
99,4.6,500,0,0.0145939,1
92.2,26.6,500,0,0.0146133,1
93,26.6,500,0,0.0146133,1
95.2,5.8,500,0,0.0146146,1
92.2,26.2,500,0,0.0146529,1
93,26.2,500,0,0.0146529,1
72.8,37.4,500,0,0.0146968,1
95.4,5.8,500,0,0.0147041,1
92.6,26.8,500,0,0.0147924,1
96,6.6,500,0,0.0148089,1
96,6.4,500,0,0.0148557,1
71.6,39.2,500,0,0.0148823,1
92.6,26,500,0,0.0148954,1
72.4,39,500,0,0.0149478,1
66.6,34,500,0,0.0149676,1
67.4,34,500,0,0.0149676,1
95.8,6,500,0,0.0150386,1
94.2,7.2,500,0,0.0151463,1
72,35,500,0,0.0153365,1
70,34.8,500,0,0.0153779,1
99.6,6.4,500,0,0.0154342,1
72,38.4,500,0,0.0154411,1
99.4,6.2,500,0,0.0154497,1
99.4,5.8,500,0,0.0155183,1
99.6,5.6,500,0,0.0156053,1
92.2,26.4,500,0,0.0156701,1
93,26.4,500,0,0.0156701,1
100,6.4,500,0,0.0157211,1
71.4,38.8,500,0,0.0157509,1
94.4,8.2,500,0,0.015765,1
100,5.6,500,0,0.0157909,1
94.8,6,500,0,0.0158185,1
72.8,35.6,500,0,0.0158335,1
72.6,35.4,500,0,0.0159825,1
71,38.6,500,0,0.0160203,1
94.2,8,500,0,0.0160539,1
94.6,6.2,500,0,0.0160557,1
66.8,34.2,500,0,0.01606,1
67.2,34.2,500,0,0.01606,1
94.8,8.2,500,0,0.0160885,1
72.2,39.2,500,0,0.0161153,1
66.8,33.8,500,0,0.0161323,1
67.2,33.8,500,0,0.0161323,1
95.2,7.8,500,0,0.0161436,1
72.6,37.6,500,0,0.0161985,1
100.2,6.2,500,0,0.0162104,1
71.4,34.8,500,0,0.016213,1
100.2,5.8,500,0,0.0162246,1
72,38.6,500,0,0.0163154,1
98.2,3.8,500,0,0.0163259,1
72.2,38.8,500,0,0.0164137,1
95.8,7,500,0,0.0164201,1
72.2,38,500,0,0.016425,1
72.4,37.8,500,0,0.0164567,1
99.8,3.8,500,0,0.0164609,1
94.4,6.6,500,0,0.0164627,1
71.8,39.2,500,0,0.0164788,1
71.6,39,500,0,0.0164964,1
70,38.2,500,0,0.0165284,1
99.4,6,500,0,0.016562,1
99.8,6.4,500,0,0.0166035,1
98.6,2.6,500,0,0.0166719,1
70.4,38.4,500,0,0.0166731,1
99.4,2.6,500,0,0.0166848,1
98.2,3.2,500,0,0.0166952,1
99.8,5.6,500,0,0.0167187,1
99.8,3.2,500,0,0.0168271,1
67,34.2,500,0,0.0168319,1
94.2,7.4,500,0,0.0168709,1
67,33.8,500,0,0.0169114,1
72,39.2,500,0,0.0169364,1
72,38.2,500,0,0.0169459,1
98.6,4.4,500,0,0.0170028,1
94.6,8.2,500,0,0.0170075,1
98.4,4.2,500,0,0.0170595,1
71.2,38.6,500,0,0.0170753,1
72.2,39,500,0,0.0171081,1
98.4,2.8,500,0,0.0171193,1
99.6,2.8,500,0,0.0171645,1
99.6,4.2,500,0,0.0171815,1
73,37,500,0,0.017189,1
69.4,37.8,500,0,0.0171961,1
99.4,4.4,500,0,0.0171998,1
71.6,38.8,500,0,0.0172081,1
92.4,26.6,500,0,0.017226,1
92.8,26.6,500,0,0.017226,1
66.8,34,500,0,0.0172367,1
67.2,34,500,0,0.0172367,1
92.4,26.2,500,0,0.0172825,1
92.8,26.2,500,0,0.0172825,1
100.2,6,500,0,0.0173625,1
71.8,38.6,500,0,0.0174048,1
95,8,500,0,0.0174466,1
69.2,35.2,500,0,0.0175657,1
71.4,38.6,500,0,0.0177014,1
72,38.8,500,0,0.0177322,1
71.6,38.6,500,0,0.0178202,1
71.8,38.4,500,0,0.0178631,1
95.6,7.2,500,0,0.0178908,1
71.8,39,500,0,0.0178939,1
94.2,7.8,500,0,0.0178963,1
98.2,3.6,500,0,0.0179447,1
71.8,38.8,500,0,0.0179636,1
94.2,7.6,500,0,0.0180358,1
68.8,35.6,500,0,0.0180412,1
99.8,3.6,500,0,0.0180869,1
98.2,3.4,500,0,0.018116,1
92.6,26.6,500,0,0.0181968,1
99.8,3.4,500,0,0.0182594,1
92.6,26.2,500,0,0.01826,1
95.4,7.4,500,0,0.0184182,1
92.4,26.4,500,0,0.018477,1
92.8,26.4,500,0,0.018477,1
94.4,6.8,500,0,0.0184811,1
68.8,37.2,500,0,0.0185398,1
68.6,36,500,0,0.0187545,1
68.6,36.8,500,0,0.0188243,1
73,36,500,0,0.0189286,1
99.6,6.2,500,0,0.0189625,1
99.6,5.8,500,0,0.0190183,1
100,6.2,500,0,0.0193114,1
100,5.8,500,0,0.019339,1
95.6,6,500,0,0.0193636,1
95.8,6.2,500,0,0.0194284,1
70.2,34.8,500,0,0.0194393,1
95.2,7.6,500,0,0.0194857,1
69,35.4,500,0,0.0196903,1
70.6,38.4,500,0,0.0196918,1
95,6,500,0,0.0198867,1
94.4,8,500,0,0.0198953,1
94.4,7,500,0,0.0199281,1
71.6,38.4,500,0,0.019996,1
71.2,34.8,500,0,0.0201395,1
69.2,37.6,500,0,0.0202216,1
95.8,6.8,500,0,0.0202543,1
69.6,35,500,0,0.0203066,1
99.6,6,500,0,0.0203224,1
99.8,6.2,500,0,0.0203963,1
99.8,5.8,500,0,0.0204392,1
98.8,2.6,500,0,0.0204617,1
99.2,2.6,500,0,0.0204655,1
94.6,6.4,500,0,0.0206681,1
100,6,500,0,0.0206905,1
94.8,8,500,0,0.020707,1
98.8,4.4,500,0,0.0208779,1
95,7.8,500,0,0.0209777,1
99.2,4.4,500,0,0.0209796,1
69,37.4,500,0,0.0210125,1
94.4,7.2,500,0,0.0212148,1
69.8,38,500,0,0.0213398,1
71.8,38.2,500,0,0.0215447,1
94.6,8,500,0,0.0216469,1
71.4,38.4,500,0,0.0216835,1
70.8,38.4,500,0,0.0218121,1
99,2.6,500,0,0.0219082,1
95.4,6,500,0,0.0220414,1
98.4,4,500,0,0.0220684,1
99.6,4,500,0,0.0221488,1
95.8,6.4,500,0,0.0221804,1
94.8,6.2,500,0,0.0221961,1
95.2,6,500,0,0.0222241,1
70.2,38.2,500,0,0.0222328,1
99,4.4,500,0,0.0223885,1
94.4,7.4,500,0,0.0224505,1
95.8,6.6,500,0,0.0224527,1
94.4,7.8,500,0,0.0224548,1
73,36.8,500,0,0.0224729,1
98.4,3,500,0,0.0225343,1
99.6,3,500,0,0.0225939,1
71.2,38.4,500,0,0.0227059,1
70.4,34.8,500,0,0.0227814,1
71,38.4,500,0,0.0228114,1
68.6,36.2,500,0,0.0228558,1
68.6,36.6,500,0,0.0228831,1
72.2,35.2,500,0,0.0230449,1
94.4,7.6,500,0,0.0231402,1
71,34.8,500,0,0.0232433,1
95.6,7,500,0,0.0232683,1
71.8,35,500,0,0.0233127,1
72.8,37.2,500,0,0.0234155,1
95.2,7.4,500,0,0.02353,1
72,38,500,0,0.0235725,1
95.4,7.2,500,0,0.0237636,1
98.6,4.2,500,0,0.023986,1
73,36.2,500,0,0.0240032,1
95,7.6,500,0,0.0240428,1
99.4,4.2,500,0,0.024062,1
98.6,2.8,500,0,0.0240832,1
99.4,2.8,500,0,0.0241017,1
94.6,6.6,500,0,0.0241286,1
94.8,7.8,500,0,0.0242447,1
68.6,36.4,500,0,0.0244182,1
70.6,34.8,500,0,0.0247375,1
70.8,34.8,500,0,0.0248994,1
95.6,6.2,500,0,0.0253275,1
94.6,6.8,500,0,0.0260111,1
73,36.6,500,0,0.0260723,1
72.8,35.8,500,0,0.0261242,1
72.2,37.8,500,0,0.0262027,1
71.6,38.2,500,0,0.0262786,1
98.4,3.8,500,0,0.0263101,1
94.6,7.6,500,0,0.0263141,1
99.6,3.8,500,0,0.0263851,1
94.8,7.6,500,0,0.0266153,1
94.6,7,500,0,0.0266206,1
94.6,7.4,500,0,0.0266732,1
73,36.4,500,0,0.0266822,1
94.6,7.2,500,0,0.0266861,1
98.4,3.2,500,0,0.0269164,1
99.6,3.2,500,0,0.0269876,1
95,7.4,500,0,0.0272087,1
95,6.2,500,0,0.0273433,1
72.6,37.4,500,0,0.0273726,1
70.4,38.2,500,0,0.0277787,1
94.8,6.4,500,0,0.0278861,1
95.6,6.8,500,0,0.0278942,1
72.4,37.6,500,0,0.0280701,1
69.6,37.8,500,0,0.0280852,1
94.8,7.4,500,0,0.0284023,1
95.2,7.2,500,0,0.0285005,1
68.8,35.8,500,0,0.0285828,1
72.4,35.4,500,0,0.0288286,1
98.4,3.6,500,0,0.0289233,1
68.8,37,500,0,0.0289853,1
99.6,3.6,500,0,0.029,1
98.4,3.4,500,0,0.0292034,1
95.4,6.2,500,0,0.0292527,1
99.6,3.4,500,0,0.0292808,1
95.6,6.4,500,0,0.0293482,1
98.8,4.2,500,0,0.0294317,1
99.2,4.2,500,0,0.0294677,1
98.8,2.8,500,0,0.0295563,1
99.2,2.8,500,0,0.0295619,1
95.4,7,500,0,0.0295663,1
69.8,35,500,0,0.0298676,1
69.4,35.2,500,0,0.0299291,1
95.2,6.2,500,0,0.0299919,1
72.6,35.6,500,0,0.0300552,1
94.8,7.2,500,0,0.0302247,1
95.6,6.6,500,0,0.0302458,1
70,38,500,0,0.0305094,1
71.4,38.2,500,0,0.0306377,1
95,7.2,500,0,0.0308825,1
98.6,4,500,0,0.0310281,1
99.4,4,500,0,0.0310698,1
99,4.2,500,0,0.0315197,1
94.8,6.6,500,0,0.0316211,1
99,2.8,500,0,0.0316454,1
98.6,3,500,0,0.0316986,1
99.4,3,500,0,0.0317231,1
94.8,7,500,0,0.0320056,1
71.8,38,500,0,0.0320856,1
70.6,38.2,500,0,0.0322928,1
94.8,6.8,500,0,0.0328402,1
71.6,35,500,0,0.0331481,1
95,6.4,500,0,0.0335724,1
95.2,7,500,0,0.0337465,1
71.2,38.2,500,0,0.0339495,1
72.8,37,500,0,0.0341129,1
95.4,6.8,500,0,0.0343057,1
95,7,500,0,0.0346416,1
70.8,38.2,500,0,0.0350227,1
69.4,37.6,500,0,0.0351422,1
69,35.6,500,0,0.0355375,1
71,38.2,500,0,0.0355595,1
95.2,6.4,500,0,0.0360471,1
69.2,35.4,500,0,0.0360759,1
95.4,6.6,500,0,0.0362733,1
69,37.2,500,0,0.0368275,1
98.6,3.8,500,0,0.036996,1
99.4,3.8,500,0,0.0370288,1
95,6.6,500,0,0.0370497,1
72,35.2,500,0,0.037128,1
95.2,6.8,500,0,0.0377399,1
72.8,36,500,0,0.0377404,1
98.6,3.2,500,0,0.0378597,1
99.4,3.2,500,0,0.0378889,1
98.8,4,500,0,0.038071,1
99.2,4,500,0,0.0380865,1
95.2,6.6,500,0,0.0387949,1
98.8,3,500,0,0.0389008,1
99.2,3,500,0,0.0389081,1
69.2,37.4,500,0,0.0390006,1
72,37.8,500,0,0.0392604,1
68.8,36,500,0,0.0397294,1
68.8,36.8,500,0,0.0400036,1
70.2,38,500,0,0.0405135,1
98.6,3.6,500,0,0.0406749,1
99.4,3.6,500,0,0.0407063,1
70,35,500,0,0.0407607,1
98.6,3.4,500,0,0.0410729,1
99.4,3.4,500,0,0.0411045,1
71.6,38,500,0,0.0413207,1
99,3,500,0,0.0416496,1
69.8,37.8,500,0,0.0426347,1
72.6,37.2,500,0,0.0437485,1
71.4,35,500,0,0.0439845,1
72.8,36.8,500,0,0.0446062,1
98.8,3.8,500,0,0.0453915,1
99.2,3.8,500,0,0.045403,1
72.2,37.6,500,0,0.0456823,1
98.8,3.2,500,0,0.0464594,1
99.2,3.2,500,0,0.046468,1
69.6,35.2,500,0,0.047398,1
72.8,36.2,500,0,0.0477717,1
72.4,37.4,500,0,0.0479117,1
68.8,36.2,500,0,0.0484359,1
68.8,36.6,500,0,0.0485674,1
99,3.8,500,0,0.0485954,1
72.2,35.4,500,0,0.0491167,1
72.6,35.8,500,0,0.0494674,1
98.8,3.6,500,0,0.0499084,1
99.2,3.6,500,0,0.0499176,1
70.4,38,500,0,0.0500047,1
71.4,38,500,0,0.050184,1
98.8,3.4,500,0,0.0503997,1
99.2,3.4,500,0,0.050409,1
70.2,35,500,0,0.051604,1
68.8,36.4,500,0,0.0517803,1
72.8,36.6,500,0,0.0517839,1
72.8,36.4,500,0,0.0530455,1
99,3.6,500,0,0.0534321,1
72.4,35.6,500,0,0.0540243,1
71.2,35,500,0,0.0543517,1
71.8,37.8,500,0,0.0553039,1
71.8,35.2,500,0,0.0561429,1
69,35.8,500,0,0.0563144,1
69.6,37.6,500,0,0.0568014,1
71.2,38,500,0,0.057307,1
69,37,500,0,0.0574181,1
70.6,38,500,0,0.0574256,1
70,37.8,500,0,0.0601584,1
70.4,35,500,0,0.0605906,1
71,38,500,0,0.0613579,1
69.4,35.4,500,0,0.0614653,1
71,35,500,0,0.0624462,1
72.6,37,500,0,0.0638726,1
69.2,35.6,500,0,0.0651137,1
70.6,35,500,0,0.0659744,1
70.8,35,500,0,0.0666308,1
69.4,37.4,500,0,0.0673358,1
69.2,37.2,500,0,0.0680625,1
69.8,35.2,500,0,0.0697287,1
72,37.6,500,0,0.0697683,1
72.6,36,500,0,0.0712997,1
71.6,37.8,500,0,0.073141,1
72.4,37.2,500,0,0.0769497,1
69,36,500,0,0.0782997,1
72.2,37.4,500,0,0.0787637,1
72,35.4,500,0,0.0787931,1
70.2,37.8,500,0,0.0789226,1
69,36.8,500,0,0.0790923,1
71.6,35.2,500,0,0.079441,1
72.6,36.8,500,0,0.0836546,1
69.8,37.6,500,0,0.0853769,1
72.4,35.8,500,0,0.0886544,1
72.6,36.2,500,0,0.0900583,1
71.4,37.8,500,0,0.0906883,1
72.2,35.6,500,0,0.0917086,1
70,35.2,500,0,0.0952473,1
69,36.2,500,0,0.0954922,1
69,36.6,500,0,0.0959022,1
70.4,37.8,500,0,0.0963112,1
72.6,36.6,500,0,0.0972731,1
69.6,35.4,500,0,0.0973657,1
72.6,36.4,500,0,0.0998152,1
71.8,37.6,500,0,0.0999118,1
69,36.4,500,0,0.102156,1
69.2,35.8,500,0,0.103207,1
71.4,35.2,500,0,0.104922,1
71.2,37.8,500,0,0.105272,1
69.2,37,500,0,0.105836,1
69.6,37.4,500,0,0.108148,1
70.6,37.8,500,0,0.109399,1
69.4,35.6,500,0,0.110971,1
72.4,37,500,0,0.112721,1
71,37.8,500,0,0.114247,1
70.8,37.8,500,0,0.115767,1
69.4,37.2,500,0,0.117044,1
71.8,35.4,500,0,0.118628,1
70,37.6,500,0,0.119333,1
70.2,35.2,500,0,0.120757,1
72,37.4,500,0,0.121511,1
72.2,37.2,500,0,0.127263,1
72.4,36,500,0,0.127432,1
71.2,35.2,500,0,0.12909,1
71.6,37.6,500,0,0.134036,1
70.4,35.2,500,0,0.142061,1
69.8,35.4,500,0,0.14332,1
69.2,36,500,0,0.143557,1
69.2,36.8,500,0,0.145525,1
72,35.6,500,0,0.146552,1
71,35.2,500,0,0.147732,1
72.4,36.8,500,0,0.148035,1
72.2,35.8,500,0,0.149994,1
70.6,35.2,500,0,0.15507,1
70.2,37.6,500,0,0.155131,1
70.8,35.2,500,0,0.157082,1
72.4,36.2,500,0,0.160548,1
69.8,37.4,500,0,0.161544,1
71.6,35.4,500,0,0.167139,1
71.4,37.6,500,0,0.168284,1
72.4,36.6,500,0,0.172562,1
69.2,36.2,500,0,0.175178,1
71.8,37.4,500,0,0.17573,1
69.6,35.6,500,0,0.175851,1
69.4,35.8,500,0,0.175955,1
69.2,36.6,500,0,0.176224,1
72.4,36.4,500,0,0.1775,1
69.4,37,500,0,0.181525,1
72.2,37,500,0,0.187229,1
69.6,37.2,500,0,0.187239,1
69.2,36.4,500,0,0.187536,1
70.4,37.6,500,0,0.187628,1
70,35.4,500,0,0.195955,1
71.2,37.6,500,0,0.197533,1
72,37.2,500,0,0.197636,1
70.6,37.6,500,0,0.21124,1
72.2,36,500,0,0.214933,1
71,37.6,500,0,0.216559,1
71.8,35.6,500,0,0.219783,1
71.4,35.4,500,0,0.219849,1
70.8,37.6,500,0,0.221523,1
70,37.4,500,0,0.224419,1
71.6,37.4,500,0,0.237981,1
72,35.8,500,0,0.238848,1
69.4,36,500,0,0.244867,1
72.2,36.8,500,0,0.246743,1
70.2,35.4,500,0,0.248773,1
69.4,36.8,500,0,0.249142,1
69.8,35.6,500,0,0.25902,1
71.2,35.4,500,0,0.269464,1
72.2,36.2,500,0,0.269985,1
69.8,37.2,500,0,0.278597,1
69.6,35.8,500,0,0.278973,1
71.8,37.2,500,0,0.287793,1
72.2,36.6,500,0,0.288509,1
69.6,37,500,0,0.28964,1
70.2,37.4,500,0,0.289968,1
72,37,500,0,0.29219,1
70.4,35.4,500,0,0.293184,1
72.2,36.4,500,0,0.29763,1
69.4,36.2,500,0,0.298983,1
69.4,36.6,500,0,0.301304,1
71,35.4,500,0,0.307311,1
71.6,35.6,500,0,0.308478,1
69.4,36.4,500,0,0.320324,1
70.6,35.4,500,0,0.320735,1
70.8,35.4,500,0,0.32576,1
72,36,500,0,0.341125,1
70.4,37.4,500,0,0.348544,1
70,35.6,500,0,0.35448,1
71.2,37.4,500,0,0.3568,1
71.8,35.8,500,0,0.356919,1
70,37.2,500,0,0.385517,1
72,36.8,500,0,0.386587,1
69.6,36,500,0,0.388469,1
70.6,37.4,500,0,0.3899,1
71.6,37.2,500,0,0.392408,1
71,37.4,500,0,0.394193,1
69.6,36.8,500,0,0.396811,1
71.4,35.6,500,0,0.404286,1
70.8,37.4,500,0,0.406135,1
69.8,35.8,500,0,0.411199,1
72,36.2,500,0,0.427142,1
71.8,37,500,0,0.427679,1
69.8,37,500,0,0.42985,1
70.2,35.6,500,0,0.450595,1
72,36.6,500,0,0.453576,1
69.6,36.2,500,0,0.474659,1
69.6,36.6,500,0,0.479248,1
71.2,35.6,500,0,0.493851,1
70.2,37.2,500,0,0.496133,1
71.6,35.8,500,0,0.499211,1
71.4,37.2,500,0,0.500339,1
71.8,36,500,0,0.508052,1
69.6,36.4,500,0,0.508972,1
70.4,35.6,500,0,0.531894,1
71,35.6,500,0,0.561485,1
70,35.8,500,0,0.563275,1
71.8,36.8,500,0,0.568189,1
69.8,36,500,0,0.573029,1
70.6,35.6,500,0,0.583036,1
71.6,37,500,0,0.586149,1
69.8,36.8,500,0,0.587827,1
70,37,500,0,0.593261,1
70.8,35.6,500,0,0.593571,1
70.4,37.2,500,0,0.593879,1
71.2,37.2,500,0,0.595848,1
71.8,36.2,500,0,0.634116,1
71.4,35.8,500,0,0.652094,1
70.6,37.2,500,0,0.661408,1
71,37.2,500,0,0.662042,1
71.8,36.6,500,0,0.669021,1
70.8,37.2,500,0,0.685661,1
71.8,36.4,500,0,0.694648,1
69.8,36.2,500,0,0.70075,1
71.6,36,500,0,0.708278,1
69.8,36.6,500,0,0.70897,1
70.2,35.8,500,0,0.716863,1
71.4,37,500,0,0.751064,1
69.8,36.4,500,0,0.752109,1
70.2,37,500,0,0.761407,1
71.6,36.8,500,0,0.781918,1
70,36,500,0,0.785694,1
71.2,35.8,500,0,0.794118,1
70,36.8,500,0,0.809767,1
70.4,35.8,500,0,0.847472,1
71.6,36.2,500,0,0.881258,1
71.2,37,500,0,0.898561,1
71,35.8,500,0,0.900371,1
70.4,37,500,0,0.908781,1
71.4,36,500,0,0.922336,1
70.6,35.8,500,0,0.930641,1
70.8,35.8,500,0,0.949482,1
70,36.6,500,0,0.975232,1
70.2,36,500,0,1.00109,1
71.4,36.8,500,0,1.00584,1
70.2,36.8,500,0,1.03721,1
70.8,37,500,0,1.04234,1
71.2,36,500,0,1.12003,1
71.4,36.2,500,0,1.14421,1
70.4,36,500,0,1.18516,1
71.2,36.8,500,0,1.20774,1
70.2,36.2,500,0,1.22684,1
70.4,36.8,500,0,1.23531,1
71.4,36.4,500,0,1.24589,1
70.2,36.6,500,0,1.2472,1
71,36,500,0,1.26663,1
70.8,36,500,0,1.33268,1
71,36.8,500,0,1.35202,1
71.2,36.2,500,0,1.38568,1
70.8,36.8,500,0,1.40977,1
70.4,36.2,500,0,1.45441,1
70.4,36.6,500,0,1.48283,1
71,36.2,500,0,1.56322,1
70.6,36.2,500,0,1.60243,1
70.8,36.2,500,0,1.64119,1
67,34,500,1,0.0180671,1
72,39,500,1,0.0181456,1
92.6,26.4,500,1,0.0195202,1
99.8,6,500,1,0.021857,1
94.6,7.8,500,1,0.0248263,1
95.4,6.4,500,1,0.0344839,1
95,6.8,500,1,0.0371842,1
99,4,500,1,0.0407605,1
99,3.2,500,1,0.0497415,1
99,3.4,500,1,0.0539592,1
70.8,38,500,1,0.0614434,1
71.4,37.4,500,1,0.301455,1
72,36.4,500,1,0.46941,1
71.6,36.6,500,1,0.923912,1
70,36.2,500,1,0.961755,1
70.6,36.8,500,1,1.36822,1
70.8,36.6,500,1,1.68528,1
71.6,36.4,500,2,0.962387,1
71,37,500,2,1.0026,1
70.6,37,500,2,1.00895,1
70,36.4,500,2,1.03333,1
71.4,36.6,500,2,1.19245,1
71.2,36.6,500,2,1.43621,1
71,36.6,500,2,1.61225,1
70.6,36.6,500,2,1.63919,1
70.6,36,500,3,1.30366,1
70.2,36.4,500,5,1.31974,1
70.4,36.4,500,6,1.56673,1
71.2,36.4,500,9,1.50476,1
70.8,36.4,500,19,1.77411,1
71,36.4,500,20,1.69345,1
70.6,36.4,500,33,1.72897,1
