Longitude,Latitude,nu5_5,Observed Count,Smoothed Rate
65.2,33.4,0.0001,0,0.000212
65.2,33.6,0.0001,0,0.0003
65.2,33.8,0.0001,0,0.000371
65.2,34.0,0.0001,0,0.0004
65.2,34.2,0.0001,0,0.000376
65.4,33.2,0.0001,0,0.000292
65.4,33.4,0.0001,0,0.000474
65.4,33.6,0.0002,0,0.00067
65.4,33.8,0.0002,0,0.000827
65.4,34.0,0.0002,0,0.000889
65.4,34.2,0.0002,0,0.000835
65.4,34.4,0.0002,0,0.000683
65.4,34.6,0.0001,0,0.000487
65.6,33.0,0.0001,0,0.00032
65.6,33.2,0.0002,0,0.000595
65.6,33.4,0.0003,0,0.000964
65.6,33.6,0.0004,0,0.001362
65.6,33.8,0.0004,0,0.001677
65.6,34.0,0.0005,0,0.001801
65.6,34.2,0.0004,0,0.001687
65.6,34.4,0.0004,0,0.001378
65.6,34.6,0.0003,0,0.000982
65.6,34.8,0.0002,0,0.00061
65.8,32.8,0.0001,0,0.00028
65.8,33.0,0.0002,0,0.000595
65.8,33.2,0.0003,0,0.001103
65.8,33.4,0.0005,0,0.001785
65.8,33.6,0.0007,0,0.002517
65.8,33.8,0.0008,0,0.003096
65.8,34.0,0.0009,0,0.003321
65.8,34.2,0.0008,0,0.003106
65.8,34.4,0.0007,0,0.002534
65.8,34.6,0.0005,0,0.001802
65.8,34.8,0.0003,0,0.001118
65.8,35.0,0.0002,0,0.000605
66.0,32.6,0.0001,0,0.000194
66.0,32.8,0.0001,0,0.000473
66.0,33.0,0.0003,0,0.001004
66.0,33.2,0.0005,0,0.00186
66.0,33.4,0.0008,0,0.003005
66.0,33.6,0.0011,0,0.004234
66.0,33.8,0.0014,0,0.005202
66.0,34.0,0.0015,0,0.005572
66.0,34.2,0.0014,0,0.005206
66.0,34.4,0.0011,0,0.004241
66.0,34.6,0.0008,0,0.003013
66.0,34.8,0.0005,0,0.001867
66.0,35.0,0.0003,0,0.001008
66.0,35.2,0.0001,0,0.000475
66.0,35.4,0.0001,0,0.000195
66.2,32.6,0.0001,0,0.000298
66.2,32.8,0.0002,0,0.000726
66.2,33.0,0.0004,0,0.001541
66.2,33.2,0.0007,0,0.002852
66.2,33.4,0.0012,0,0.004604
66.2,33.6,0.0017,0,0.006479
66.2,33.8,0.0021,0,0.007952
66.2,34.0,0.0022,0,0.00851
66.2,34.2,0.0021,0,0.007943
66.2,34.4,0.0017,0,0.006464
66.2,34.6,0.0012,0,0.004588
66.2,34.8,0.0007,0,0.002839
66.2,35.0,0.0004,0,0.001532
66.2,35.2,0.0002,0,0.000721
66.2,35.4,0.0001,0,0.000296
66.4,32.6,0.0001,0,0.000417
66.4,32.8,0.0003,0,0.001014
66.4,33.0,0.0006,0,0.002151
66.4,33.2,0.001,0,0.003977
66.4,33.4,0.0017,0,0.006414
66.4,33.6,0.0024,0,0.00902
66.4,33.8,0.0029,0,0.011062
66.4,34.0,0.0031,0,0.01183
66.4,34.2,0.0029,0,0.011032
66.4,34.4,0.0023,0,0.008972
66.4,34.6,0.0017,0,0.006362
66.4,34.8,0.001,0,0.003934
66.4,35.0,0.0006,0,0.002122
66.4,35.2,0.0003,0,0.000998
66.4,35.4,0.0001,0,0.000409
66.6,32.6,0.0001,0,0.00053
66.6,32.8,0.0003,0,0.001287
66.6,33.0,0.0007,0,0.002729
66.6,33.2,0.0013,0,0.005043
66.6,33.4,0.0021,0,0.008129
66.6,33.6,0.003,0,0.011426
66.6,33.8,0.0036,0,0.014004
66.6,34.0,0.0039,0,0.014968
66.6,34.2,0.0036,0,0.01395
66.6,34.4,0.003,0,0.011339
66.6,34.6,0.0021,0,0.008036
66.6,34.8,0.0013,0,0.004967
66.6,35.0,0.0007,0,0.002677
66.6,35.2,0.0003,0,0.001258
66.6,35.4,0.0001,0,0.000516
66.8,32.4,0.0001,0,0.000219
66.8,32.6,0.0002,0,0.000611
66.8,32.8,0.0004,0,0.001485
66.8,33.0,0.0008,0,0.003147
66.8,33.2,0.0015,0,0.005816
66.8,33.4,0.0024,0,0.009371
66.8,33.6,0.0034,0,0.013166
66.8,33.8,0.0042,0,0.016132
66.8,34.0,0.0045,0,0.017237
66.8,34.2,0.0042,0,0.01606
66.8,34.4,0.0034,0,0.013049
66.8,34.6,0.0024,0,0.009245
66.8,34.8,0.0015,0,0.005712
66.8,35.0,0.0008,0,0.003078
66.8,35.2,0.0004,0,0.001446
66.8,35.4,0.0002,0,0.000592
66.8,35.6,0.0001,0,0.000212
67.0,32.4,0.0001,0,0.00023
67.0,32.6,0.0002,0,0.000641
67.0,32.8,0.0004,0,0.001558
67.0,33.0,0.0009,0,0.003301
67.0,33.2,0.0016,0,0.006099
67.0,33.4,0.0026,0,0.009825
67.0,33.6,0.0036,0,0.013804
67.0,33.8,0.0044,0,0.016911
67.0,34.0,0.0047,1,0.018067
67.0,34.2,0.0044,0,0.016832
67.0,34.4,0.0036,0,0.013674
67.0,34.6,0.0025,0,0.009688
67.0,34.8,0.0016,0,0.005985
67.0,35.0,0.0008,0,0.003224
67.0,35.2,0.0004,0,0.001515
67.0,35.4,0.0002,0,0.00062
67.0,35.6,0.0001,0,0.000222
67.2,32.4,0.0001,0,0.000219
67.2,32.6,0.0002,0,0.000611
67.2,32.8,0.0004,0,0.001485
67.2,33.0,0.0008,0,0.003147
67.2,33.2,0.0015,0,0.005816
67.2,33.4,0.0024,0,0.009371
67.2,33.6,0.0034,0,0.013166
67.2,33.8,0.0042,0,0.016132
67.2,34.0,0.0045,0,0.017237
67.2,34.2,0.0042,0,0.01606
67.2,34.4,0.0034,0,0.013049
67.2,34.6,0.0024,0,0.009245
67.2,34.8,0.0015,0,0.005712
67.2,35.0,0.0008,0,0.003078
67.2,35.2,0.0004,0,0.001446
67.2,35.4,0.0002,0,0.000592
67.2,35.6,0.0001,0,0.000212
67.4,32.6,0.0001,0,0.00053
67.4,32.8,0.0003,0,0.001287
67.4,33.0,0.0007,0,0.002729
67.4,33.2,0.0013,0,0.005043
67.4,33.4,0.0021,0,0.008129
67.4,33.6,0.003,0,0.011426
67.4,33.8,0.0036,0,0.014004
67.4,34.0,0.0039,0,0.014968
67.4,34.2,0.0036,0,0.01395
67.4,34.4,0.003,0,0.011339
67.4,34.6,0.0021,0,0.008036
67.4,34.8,0.0013,0,0.004967
67.4,35.0,0.0007,0,0.002677
67.4,35.2,0.0003,0,0.001258
67.4,35.4,0.0001,0,0.000519
67.6,32.6,0.0001,0,0.000417
67.6,32.8,0.0003,0,0.001014
67.6,33.0,0.0006,0,0.002151
67.6,33.2,0.001,0,0.003977
67.6,33.4,0.0017,0,0.006414
67.6,33.6,0.0024,0,0.00902
67.6,33.8,0.0029,0,0.011062
67.6,34.0,0.0031,0,0.01183
67.6,34.2,0.0029,0,0.011032
67.6,34.4,0.0023,0,0.008972
67.6,34.6,0.0017,0,0.006362
67.6,34.8,0.001,0,0.003934
67.6,35.0,0.0006,0,0.002124
67.6,35.2,0.0003,0,0.001007
67.6,35.4,0.0001,0,0.000428
67.8,32.6,0.0001,0,0.000298
67.8,32.8,0.0002,0,0.000726
67.8,33.0,0.0004,0,0.001541
67.8,33.2,0.0007,0,0.002852
67.8,33.4,0.0012,0,0.004604
67.8,33.6,0.0017,0,0.006479
67.8,33.8,0.0021,0,0.007952
67.8,34.0,0.0022,0,0.00851
67.8,34.2,0.0021,0,0.007943
67.8,34.4,0.0017,0,0.006464
67.8,34.6,0.0012,0,0.004588
67.8,34.8,0.0007,0,0.002842
67.8,35.0,0.0004,0,0.001544
67.8,35.2,0.0002,0,0.000759
67.8,35.4,0.0001,0,0.000374
68.0,32.6,0.0001,0,0.000194
68.0,32.8,0.0001,0,0.000473
68.0,33.0,0.0003,0,0.001004
68.0,33.2,0.0005,0,0.00186
68.0,33.4,0.0008,0,0.003005
68.0,33.6,0.0011,0,0.004234
68.0,33.8,0.0014,0,0.005202
68.0,34.0,0.0015,0,0.005572
68.0,34.2,0.0014,0,0.005206
68.0,34.4,0.0011,0,0.004241
68.0,34.6,0.0008,0,0.003015
68.0,34.8,0.0005,0,0.001878
68.0,35.0,0.0003,0,0.001052
68.0,35.2,0.0001,0,0.000596
68.0,35.4,0.0001,0,0.000442
68.0,35.6,0.0001,0,0.000606
68.0,35.8,0.0001,0,0.000877
68.0,36.0,0.0002,0,0.001195
68.0,36.2,0.0002,0,0.001506
68.0,36.4,0.0002,0,0.001608
68.0,36.6,0.0002,0,0.001504
68.0,36.8,0.0002,0,0.001233
68.0,37.0,0.0001,0,0.000852
68.0,37.2,0.0001,0,0.000537
68.2,32.8,0.0001,0,0.00028
68.2,33.0,0.0002,0,0.000595
68.2,33.2,0.0003,0,0.001103
68.2,33.4,0.0005,0,0.001785
68.2,33.6,0.0007,0,0.002517
68.2,33.8,0.0008,0,0.003096
68.2,34.0,0.0009,0,0.003321
68.2,34.2,0.0008,0,0.003106
68.2,34.4,0.0007,0,0.002534
68.2,34.6,0.0005,0,0.001808
68.2,34.8,0.0003,0,0.001157
68.2,35.0,0.0002,0,0.000735
68.2,35.2,0.0002,0,0.00066
68.2,35.4,0.0002,0,0.000893
68.2,35.6,0.0003,0,0.001503
68.2,35.8,0.0004,0,0.002339
68.2,36.0,0.0006,0,0.003239
68.2,36.2,0.0007,0,0.004002
68.2,36.4,0.0008,0,0.004276
68.2,36.6,0.0007,0,0.004008
68.2,36.8,0.0006,0,0.003292
68.2,37.0,0.0004,0,0.002342
68.2,37.2,0.0003,0,0.001485
68.2,37.4,0.0002,0,0.000796
68.2,37.6,0.0001,0,0.000395
68.4,33.0,0.0001,0,0.00032
68.4,33.2,0.0002,0,0.000595
68.4,33.4,0.0003,0,0.000964
68.4,33.6,0.0004,0,0.001362
68.4,33.8,0.0004,0,0.001677
68.4,34.0,0.0005,0,0.001801
68.4,34.2,0.0004,0,0.001687
68.4,34.4,0.0004,0,0.001382
68.4,34.6,0.0003,0,0.001007
68.4,34.8,0.0002,0,0.000725
68.4,35.0,0.0002,0,0.000714
68.4,35.2,0.0003,0,0.001104
68.4,35.4,0.0005,0,0.002025
68.4,35.6,0.0009,0,0.00364
68.4,35.8,0.0015,0,0.005759
68.4,36.0,0.0021,0,0.008009
68.4,36.2,0.0026,0,0.009806
68.4,36.4,0.0029,0,0.010487
68.4,36.6,0.0028,0,0.009831
68.4,36.8,0.0024,0,0.008087
68.4,37.0,0.0018,0,0.00583
68.4,37.2,0.0012,0,0.003709
68.4,37.4,0.0007,0,0.002054
68.4,37.6,0.0004,0,0.001032
68.4,37.8,0.0002,0,0.000457
68.4,38.0,0.0001,0,0.000169
68.6,33.2,0.0001,0,0.000292
68.6,33.4,0.0001,0,0.000474
68.6,33.6,0.0002,0,0.00067
68.6,33.8,0.0002,0,0.000827
68.6,34.0,0.0002,0,0.000889
68.6,34.2,0.0002,0,0.000835
68.6,34.4,0.0002,0,0.000695
68.6,34.6,0.0001,0,0.000559
68.6,34.8,0.0002,0,0.000623
68.6,35.0,0.0003,0,0.001073
68.6,35.2,0.0006,0,0.002263
68.6,35.4,0.0012,0,0.004556
68.6,35.6,0.0022,0,0.00824
68.6,35.8,0.0036,0,0.013096
68.6,36.0,0.0051,0,0.018244
68.6,36.2,0.0064,0,0.022283
68.6,36.4,0.007,0,0.023848
68.6,36.6,0.0068,0,0.02238
68.6,36.8,0.0059,0,0.018433
68.6,37.0,0.0044,0,0.01335
68.6,37.2,0.003,0,0.008523
68.6,37.4,0.0017,0,0.004812
68.6,37.6,0.0009,0,0.002445
68.6,37.8,0.0004,0,0.001122
68.6,38.0,0.0002,0,0.000485
68.6,38.2,0.0001,0,0.000193
68.8,33.4,0.0001,0,0.000212
68.8,33.6,0.0001,0,0.0003
68.8,33.8,0.0001,0,0.000371
68.8,34.0,0.0001,0,0.0004
68.8,34.2,0.0001,0,0.000379
68.8,34.4,0.0001,0,0.00034
68.8,34.6,0.0001,0,0.000383
68.8,34.8,0.0002,0,0.000843
68.8,35.0,0.0005,0,0.002027
68.8,35.2,0.0013,0,0.00466
68.8,35.4,0.0026,0,0.009588
68.8,35.6,0.0047,0,0.017376
68.8,35.8,0.0076,0,0.027637
68.8,36.0,0.0109,0,0.038537
68.8,36.2,0.0137,0,0.0471
68.8,36.4,0.0152,0,0.050454
68.8,36.6,0.0148,0,0.047402
68.8,36.8,0.0127,0,0.039098
68.8,37.0,0.0096,0,0.028366
68.8,37.2,0.0064,0,0.018166
68.8,37.4,0.0038,0,0.010339
68.8,37.6,0.002,0,0.005294
68.8,37.8,0.001,0,0.002497
68.8,38.0,0.0005,0,0.001131
68.8,38.2,0.0002,0,0.000472
68.8,38.4,0.0001,0,0.000261
69.0,34.4,0.0001,0,0.000204
69.0,34.6,0.0001,0,0.000509
69.0,34.8,0.0004,0,0.001482
69.0,35.0,0.001,0,0.003883
69.0,35.2,0.0024,0,0.009095
69.0,35.4,0.005,0,0.018795
69.0,35.6,0.0092,0,0.034109
69.0,35.8,0.015,0,0.05429
69.0,36.0,0.0215,0,0.075751
69.0,36.2,0.0271,0,0.092644
69.0,36.4,0.03,0,0.099334
69.0,36.6,0.0293,0,0.093427
69.0,36.8,0.0252,0,0.077175
69.0,37.0,0.0191,0,0.056108
69.0,37.2,0.0128,0,0.03604
69.0,37.4,0.0076,0,0.020597
69.0,37.6,0.0041,0,0.010628
69.0,37.8,0.002,0,0.005101
69.0,38.0,0.0009,0,0.002389
69.0,38.2,0.0004,0,0.001131
69.0,38.4,0.0002,0,0.00059
69.0,38.6,0.0001,0,0.000344
69.0,38.8,0.0001,0,0.000199
69.2,34.4,0.0001,0,0.000201
69.2,34.6,0.0002,0,0.000848
69.2,34.8,0.0007,0,0.002639
69.2,35.0,0.0018,0,0.007042
69.2,35.2,0.0043,0,0.016584
69.2,35.4,0.009,0,0.034315
69.2,35.6,0.0166,0,0.062311
69.2,35.8,0.0271,0,0.099243
69.2,36.0,0.0388,0,0.138577
69.2,36.2,0.049,0,0.169623
69.2,36.4,0.0544,0,0.182042
69.2,36.6,0.0532,0,0.171415
69.2,36.8,0.0457,0,0.141805
69.2,37.0,0.0347,0,0.1033
69.2,37.2,0.0233,0,0.066541
69.2,37.4,0.0139,0,0.038198
69.2,37.6,0.0075,0,0.019851
69.2,37.8,0.0037,0,0.009636
69.2,38.0,0.0018,0,0.004622
69.2,38.2,0.0009,0,0.002296
69.2,38.4,0.0004,0,0.001261
69.2,38.6,0.0002,0,0.000716
69.2,38.8,0.0001,0,0.00042
69.2,39.0,0.0001,0,0.000223
69.4,34.4,0.0001,0,0.000373
69.4,34.6,0.0004,0,0.001454
69.4,34.8,0.0011,0,0.004458
69.4,35.0,0.0031,0,0.011952
69.4,35.2,0.0072,0,0.028162
69.4,35.4,0.0151,0,0.058303
69.4,35.6,0.0278,0,0.105945
69.4,35.8,0.0453,0,0.168859
69.4,36.0,0.0651,0,0.235965
69.4,36.2,0.0822,0,0.28907
69.4,36.4,0.0914,0,0.310537
69.4,36.6,0.0895,0,0.292751
69.4,36.8,0.077,0,0.242538
69.4,37.0,0.0585,0,0.17703
69.4,37.2,0.0393,0,0.114351
69.4,37.4,0.0235,0,0.065918
69.4,37.6,0.0127,0,0.034488
69.4,37.8,0.0063,0,0.016931
69.4,38.0,0.0031,0,0.008261
69.4,38.2,0.0015,0,0.004263
69.4,38.4,0.0008,0,0.002383
69.4,38.6,0.0004,0,0.001361
69.4,38.8,0.0002,0,0.000794
69.4,39.0,0.0001,0,0.000427
69.6,34.4,0.0002,0,0.000619
69.6,34.6,0.0006,0,0.002306
69.6,34.8,0.0018,0,0.007034
69.6,35.0,0.0047,0,0.018866
69.6,35.2,0.0111,0,0.044494
69.6,35.4,0.0233,0,0.092175
69.6,35.6,0.0431,0,0.167613
69.6,35.8,0.0704,0,0.267358
69.6,36.0,0.1013,0,0.373919
69.6,36.2,0.1282,0,0.45848
69.6,36.4,0.1427,0,0.493019
69.6,36.6,0.1397,0,0.465327
69.6,36.8,0.1203,0,0.386078
69.6,37.0,0.0914,0,0.282343
69.6,37.2,0.0614,0,0.182873
69.6,37.4,0.0368,0,0.105853
69.6,37.6,0.02,0,0.055743
69.6,37.8,0.0101,0,0.027658
69.6,38.0,0.0049,0,0.013708
69.6,38.2,0.0025,0,0.007233
69.6,38.4,0.0013,0,0.004129
69.6,38.6,0.0007,0,0.002378
69.6,38.8,0.0003,0,0.001389
69.6,39.0,0.0002,0,0.00076
69.6,39.2,0.0001,0,0.000381
69.8,34.4,0.0002,0,0.000954
69.8,34.6,0.0008,0,0.003378
69.8,34.8,0.0025,0,0.010319
69.8,35.0,0.0067,0,0.027702
69.8,35.2,0.0159,0,0.065368
69.8,35.4,0.0335,0,0.135534
69.8,35.6,0.0622,0,0.246677
69.8,35.8,0.1018,0,0.393816
69.8,36.0,0.1466,0,0.55128
69.8,36.2,0.1857,0,0.676592
69.8,36.4,0.2069,0,0.728318
69.8,36.6,0.2026,0,0.688231
69.8,36.8,0.1746,0,0.571855
69.8,37.0,0.1327,0,0.419005
69.8,37.2,0.0893,0,0.272115
69.8,37.4,0.0536,0,0.158141
69.8,37.6,0.0292,0,0.083809
69.8,37.8,0.0148,0,0.042002
69.8,38.0,0.0073,0,0.021116
69.8,38.2,0.0037,0,0.011324
69.8,38.4,0.002,0,0.006571
69.8,38.6,0.0011,0,0.003883
69.8,38.8,0.0006,0,0.002257
69.8,39.0,0.0003,0,0.001254
69.8,39.2,0.0001,0,0.000652
69.8,39.4,0.0001,0,0.000328
70.0,34.2,0.0001,0,0.00026
70.0,34.4,0.0003,0,0.001326
70.0,34.6,0.0011,0,0.004609
70.0,34.8,0.0033,0,0.014069
70.0,35.0,0.0089,0,0.037787
70.0,35.2,0.0213,0,0.089264
70.0,35.4,0.0449,0,0.185282
70.0,35.6,0.0834,0,0.337577
70.0,35.8,0.1367,0,0.53949
70.0,36.0,0.1972,0,0.755961
70.0,36.2,0.2501,1,0.92876
70.0,36.4,0.2787,2,1.00087
70.0,36.6,0.2731,0,0.946956
70.0,36.8,0.2355,0,0.78801
70.0,37.0,0.1791,0,0.5785
70.0,37.2,0.1207,0,0.376703
70.0,37.4,0.0726,0,0.219795
70.0,37.6,0.0397,0,0.117205
70.0,37.8,0.0203,0,0.0593
70.0,38.0,0.0101,0,0.030206
70.0,38.2,0.0052,0,0.016435
70.0,38.4,0.0028,0,0.009651
70.0,38.6,0.0015,0,0.005806
70.0,38.8,0.0008,0,0.003407
70.0,39.0,0.0004,0,0.001942
70.0,39.2,0.0002,0,0.001055
70.0,39.4,0.0001,0,0.000569
70.0,39.6,0.0001,0,0.000314
70.2,34.2,0.0001,0,0.000368
70.2,34.4,0.0004,0,0.00167
70.2,34.6,0.0013,0,0.005825
70.2,34.8,0.0041,0,0.017797
70.2,35.0,0.011,0,0.047874
70.2,35.2,0.0264,0,0.113258
70.2,35.4,0.0558,0,0.235404
70.2,35.6,0.1041,0,0.429434
70.2,35.8,0.1709,0,0.687107
70.2,36.0,0.2468,0,0.96392
70.2,36.2,0.3132,0,1.18562
70.2,36.4,0.3493,5,1.2792
70.2,36.6,0.3424,0,1.21191
70.2,36.8,0.2954,0,1.01008
70.2,37.0,0.2248,0,0.74301
70.2,37.2,0.1516,0,0.485155
70.2,37.4,0.0914,0,0.284212
70.2,37.6,0.0502,0,0.152484
70.2,37.8,0.0258,0,0.077856
70.2,38.0,0.0131,0,0.040137
70.2,38.2,0.0068,0,0.022117
70.2,38.4,0.0037,0,0.013144
70.2,38.6,0.0021,0,0.008054
70.2,38.8,0.0011,0,0.004818
70.2,39.0,0.0006,0,0.002849
70.2,39.2,0.0004,0,0.001649
70.2,39.4,0.0002,0,0.00096
70.2,39.6,0.0001,0,0.000574
70.4,34.2,0.0001,0,0.000475
70.4,34.4,0.0004,0,0.001959
70.4,34.6,0.0015,0,0.006828
70.4,34.8,0.0047,0,0.020899
70.4,35.0,0.0127,0,0.056317
70.4,35.2,0.0305,0,0.133474
70.4,35.4,0.0646,0,0.277879
70.4,35.6,0.1208,0,0.50768
70.4,35.8,0.1987,0,0.813436
70.4,36.0,0.2873,0,1.14265
70.4,36.2,0.365,0,1.40729
70.4,36.4,0.4074,6,1.52042
70.4,36.6,0.3996,0,1.44254
70.4,36.8,0.345,0,1.20433
70.4,37.0,0.2627,0,0.887785
70.4,37.2,0.1774,0,0.581355
70.4,37.4,0.1073,0,0.34198
70.4,37.6,0.0591,0,0.18461
70.4,37.8,0.0306,0,0.095095
70.4,38.0,0.0156,0,0.049576
70.4,38.2,0.0082,0,0.027646
70.4,38.4,0.0046,0,0.016638
70.4,38.6,0.0026,0,0.010402
70.4,38.8,0.0015,0,0.00643
70.4,39.0,0.0009,0,0.004007
70.4,39.2,0.0006,0,0.002497
70.4,39.4,0.0004,0,0.001579
70.4,39.6,0.0003,0,0.001016
70.4,39.8,0.0002,0,0.000654
70.6,34.2,0.0001,0,0.000532
70.6,34.4,0.0005,0,0.002124
70.6,34.6,0.0016,0,0.007418
70.6,34.8,0.005,0,0.022768
70.6,35.0,0.0136,0,0.061503
70.6,35.2,0.0327,0,0.146085
70.6,35.4,0.0697,0,0.304725
70.6,35.6,0.1306,0,0.557709
70.6,35.8,0.2151,0,0.895045
70.6,36.0,0.3115,2,1.25921
70.6,36.2,0.3962,0,1.55316
70.6,36.4,0.4425,31,1.68055
70.6,36.6,0.4343,2,1.59707
70.6,36.8,0.3752,1,1.33584
70.6,37.0,0.2861,2,0.987005
70.6,37.2,0.1935,0,0.648321
70.6,37.4,0.1173,0,0.383042
70.6,37.6,0.0649,0,0.208087
70.6,37.8,0.0339,0,0.108129
70.6,38.0,0.0175,0,0.056978
70.6,38.2,0.0093,0,0.032155
70.6,38.4,0.0052,0,0.019655
70.6,38.6,0.0031,0,0.012617
70.6,38.8,0.0019,0,0.008184
70.6,39.0,0.0012,0,0.005457
70.6,39.2,0.0009,0,0.003693
70.6,39.4,0.0006,0,0.002527
70.6,39.6,0.0004,0,0.001726
70.6,39.8,0.0003,0,0.001152
70.8,34.2,0.0001,0,0.000524
70.8,34.4,0.0005,0,0.002138
70.8,34.6,0.0016,0,0.007475
70.8,34.8,0.0049,0,0.023017
70.8,35.0,0.0135,0,0.062358
70.8,35.2,0.0328,0,0.148494
70.8,35.4,0.0699,0,0.310456
70.8,35.6,0.1314,0,0.569357
70.8,35.8,0.2169,0,0.915445
70.8,36.0,0.3146,0,1.29018
70.8,36.2,0.4006,0,1.59407
70.8,36.4,0.4479,19,1.72779
70.8,36.6,0.44,1,1.64498
70.8,36.8,0.3805,0,1.37879
70.8,37.0,0.2905,0,1.02134
70.8,37.2,0.1969,0,0.673136
70.8,37.4,0.1197,0,0.399571
70.8,37.6,0.0666,0,0.218505
70.8,37.8,0.035,0,0.114551
70.8,38.0,0.0182,1,0.061014
70.8,38.2,0.0098,0,0.03489
70.8,38.4,0.0057,0,0.021777
70.8,38.6,0.0035,0,0.014524
70.8,38.8,0.0023,0,0.010036
70.8,39.0,0.0017,0,0.007248
70.8,39.2,0.0013,0,0.005325
70.8,39.4,0.001,0,0.003893
70.8,39.6,0.0007,0,0.002778
70.8,39.8,0.0005,0,0.001902
71.0,34.2,0.0001,0,0.000478
71.0,34.4,0.0004,0,0.001993
71.0,34.6,0.0015,0,0.006988
71.0,34.8,0.0045,0,0.021601
71.0,35.0,0.0125,0,0.058716
71.0,35.2,0.0305,0,0.140233
71.0,35.4,0.0654,0,0.293942
71.0,35.6,0.1232,0,0.540324
71.0,35.8,0.2038,0,0.870614
71.0,36.0,0.2961,0,1.22945
71.0,36.2,0.3776,0,1.52199
71.0,36.4,0.4227,20,1.65291
71.0,36.6,0.4158,2,1.57697
71.0,36.8,0.3601,0,1.32488
71.0,37.0,0.2753,2,0.984202
71.0,37.2,0.1871,0,0.651063
71.0,37.4,0.1141,0,0.388437
71.0,37.6,0.0638,0,0.213911
71.0,37.8,0.0338,0,0.11318
71.0,38.0,0.0178,0,0.060981
71.0,38.2,0.0098,0,0.035443
71.0,38.4,0.0058,0,0.022781
71.0,38.6,0.0039,0,0.016013
71.0,38.8,0.0028,0,0.011964
71.0,39.0,0.0022,0,0.009399
71.0,39.2,0.0018,0,0.007427
71.0,39.4,0.0015,0,0.005716
71.0,39.6,0.0011,0,0.004204
71.0,39.8,0.0008,0,0.002926
71.2,34.2,0.0001,0,0.000398
71.2,34.4,0.0003,0,0.001721
71.2,34.6,0.0012,0,0.006066
71.2,34.8,0.0039,0,0.018831
71.2,35.0,0.0108,0,0.051378
71.2,35.2,0.0265,0,0.123107
71.2,35.4,0.0569,0,0.258791
71.2,35.6,0.1076,0,0.476947
71.2,35.8,0.1785,0,0.770333
71.2,36.0,0.2598,0,1.09029
71.2,36.2,0.332,0,1.35268
71.2,36.4,0.3723,9,1.47229
71.2,36.6,0.3668,2,1.40794
71.2,36.8,0.3182,0,1.18598
71.2,37.0,0.2438,0,0.8838
71.2,37.2,0.1661,0,0.587034
71.2,37.4,0.1018,0,0.352176
71.2,37.6,0.0573,0,0.195405
71.2,37.8,0.0306,0,0.104414
71.2,38.0,0.0163,0,0.057004
71.2,38.2,0.0092,0,0.033856
71.2,38.4,0.0058,0,0.022681
71.2,38.6,0.0041,0,0.017069
71.2,38.8,0.0033,0,0.013916
71.2,39.0,0.0029,0,0.011834
71.2,39.2,0.0025,0,0.009916
71.2,39.4,0.002,0,0.007916
71.2,39.6,0.0016,0,0.00594
71.2,39.8,0.0011,0,0.004177
71.4,34.4,0.0003,0,0.001373
71.4,34.6,0.001,0,0.004892
71.4,34.8,0.0031,0,0.015261
71.4,35.0,0.0087,0,0.041819
71.4,35.2,0.0214,0,0.100561
71.4,35.4,0.0462,0,0.212063
71.4,35.6,0.0876,0,0.391944
71.4,35.8,0.1457,0,0.634711
71.4,36.0,0.2127,0,0.900587
71.4,36.2,0.2724,0,1.12005
71.4,36.4,0.3061,0,1.2221
71.4,36.6,0.3022,2,1.17171
71.4,36.8,0.2628,0,0.989866
71.4,37.0,0.2019,0,0.740219
71.4,37.2,0.138,0,0.493857
71.4,37.4,0.085,1,0.298052
71.4,37.6,0.0481,0,0.166716
71.4,37.8,0.0259,0,0.090056
71.4,38.0,0.014,0,0.049961
71.4,38.2,0.0082,0,0.030569
71.4,38.4,0.0055,0,0.021665
71.4,38.6,0.0043,0,0.017697
71.4,38.8,0.0038,0,0.015751
71.4,39.0,0.0036,0,0.014327
71.4,39.2,0.0032,0,0.012539
71.4,39.4,0.0027,0,0.010263
71.4,39.6,0.0021,0,0.0078
71.4,39.8,0.0015,0,0.00552
71.6,34.4,0.0002,0,0.001014
71.6,34.6,0.0007,0,0.003675
71.6,34.8,0.0023,0,0.011521
71.6,35.0,0.0065,0,0.031708
71.6,35.2,0.0161,0,0.076537
71.6,35.4,0.035,0,0.161949
71.6,35.6,0.0665,0,0.300241
71.6,35.8,0.111,0,0.487596
71.6,36.0,0.1625,0,0.693728
71.6,36.2,0.2087,0,0.865079
71.6,36.4,0.2351,2,0.946435
71.6,36.6,0.2328,1,0.90999
71.6,36.8,0.203,0,0.771185
71.6,37.0,0.1564,0,0.578853
71.6,37.2,0.1074,0,0.388043
71.6,37.4,0.0664,0,0.235686
71.6,37.6,0.0379,0,0.132978
71.6,37.8,0.0206,0,0.072714
71.6,38.0,0.0114,0,0.041169
71.6,38.2,0.0069,0,0.026233
71.6,38.4,0.005,0,0.019984
71.6,38.6,0.0044,0,0.01782
71.6,38.8,0.0043,0,0.017208
71.6,39.0,0.0042,0,0.016496
71.6,39.2,0.0038,0,0.014882
71.6,39.4,0.0033,0,0.012384
71.6,39.6,0.0025,0,0.009489
71.6,39.8,0.0018,0,0.006741
71.8,34.4,0.0001,0,0.000691
71.8,34.6,0.0005,0,0.002572
71.8,34.8,0.0016,0,0.008112
71.8,35.0,0.0046,0,0.022438
71.8,35.2,0.0113,0,0.054376
71.8,35.4,0.0247,0,0.115466
71.8,35.6,0.0472,0,0.214758
71.8,35.8,0.079,0,0.349823
71.8,36.0,0.1161,0,0.49915
71.8,36.2,0.1495,0,0.624203
71.8,36.4,0.169,0,0.684861
71.8,36.6,0.1678,0,0.660468
71.8,36.8,0.1468,0,0.561585
71.8,37.0,0.1136,0,0.423184
71.8,37.2,0.0783,0,0.2851
71.8,37.4,0.0487,0,0.174313
71.8,37.6,0.028,0,0.099257
71.8,37.8,0.0154,0,0.055039
71.8,38.0,0.0088,0,0.031992
71.8,38.2,0.0057,0,0.021516
71.8,38.4,0.0045,0,0.017855
71.8,38.6,0.0044,0,0.017405
71.8,38.8,0.0045,0,0.017964
71.8,39.0,0.0046,0,0.017894
71.8,39.2,0.0043,0,0.016479
71.8,39.4,0.0037,0,0.013857
71.8,39.6,0.0029,0,0.010671
71.8,39.8,0.0021,0,0.0076
72.0,34.4,0.0001,0,0.000385
72.0,34.6,0.0003,0,0.001674
72.0,34.8,0.001,0,0.005344
72.0,35.0,0.003,0,0.014851
72.0,35.2,0.0074,0,0.036146
72.0,35.4,0.0163,0,0.077033
72.0,35.6,0.0313,0,0.14375
72.0,35.8,0.0526,0,0.234884
72.0,36.0,0.0775,0,0.336145
72.0,36.2,0.1002,0,0.421587
72.0,36.4,0.1137,1,0.463916
72.0,36.6,0.1133,0,0.448767
72.0,36.8,0.0995,0,0.382868
72.0,37.0,0.0773,0,0.289654
72.0,37.2,0.0535,0,0.196114
72.0,37.4,0.0335,0,0.120709
72.0,37.6,0.0194,0,0.069397
72.0,37.8,0.0109,0,0.03911
72.0,38.0,0.0064,0,0.023519
72.0,38.2,0.0044,0,0.01693
72.0,38.4,0.0039,0,0.015437
72.0,38.6,0.0041,0,0.016315
72.0,38.8,0.0045,0,0.017732
72.0,39.0,0.0047,1,0.018146
72.0,39.2,0.0044,0,0.016936
72.0,39.4,0.0038,0,0.01434
72.0,39.6,0.003,0,0.01108
72.0,39.8,0.0022,0,0.007903
72.2,34.6,0.0002,0,0.001019
72.2,34.8,0.0006,0,0.003304
72.2,35.0,0.0018,0,0.009227
72.2,35.2,0.0046,0,0.022546
72.2,35.4,0.0101,0,0.048221
72.2,35.6,0.0194,0,0.09028
72.2,35.8,0.0328,0,0.147969
72.2,36.0,0.0485,0,0.212384
72.2,36.2,0.063,0,0.267137
72.2,36.4,0.0718,0,0.294808
72.2,36.6,0.0718,0,0.286034
72.2,36.8,0.0633,0,0.244825
72.2,37.0,0.0494,0,0.185919
72.2,37.2,0.0344,0,0.126475
72.2,37.4,0.0216,0,0.078348
72.2,37.6,0.0126,0,0.04549
72.2,37.8,0.0072,0,0.026125
72.2,38.0,0.0044,0,0.016398
72.2,38.2,0.0033,0,0.012804
72.2,38.4,0.0033,0,0.012816
72.2,38.6,0.0037,0,0.014548
72.2,38.8,0.0042,0,0.016414
72.2,39.0,0.0044,0,0.017108
72.2,39.2,0.0042,0,0.016115
72.2,39.4,0.0036,0,0.013705
72.2,39.6,0.0029,0,0.010613
72.2,39.8,0.0021,0,0.007579
72.4,34.6,0.0001,0,0.000535
72.4,34.8,0.0003,0,0.001916
72.4,35.0,0.001,0,0.00539
72.4,35.2,0.0026,0,0.013234
72.4,35.4,0.0058,0,0.028412
72.4,35.6,0.0113,0,0.053359
72.4,35.8,0.0191,0,0.087709
72.4,36.0,0.0285,0,0.126239
72.4,36.2,0.0372,0,0.159212
72.4,36.4,0.0425,0,0.176173
72.4,36.6,0.0428,0,0.171396
72.4,36.8,0.0379,0,0.14713
72.4,37.0,0.0297,0,0.112101
72.4,37.2,0.0208,0,0.076576
72.4,37.4,0.0131,0,0.047714
72.4,37.6,0.0077,0,0.027978
72.4,37.8,0.0045,0,0.016421
72.4,38.0,0.0029,0,0.01087
72.4,38.2,0.0024,0,0.009249
72.4,38.4,0.0026,0,0.010174
72.4,38.6,0.0031,0,0.012226
72.4,38.8,0.0037,0,0.014161
72.4,39.0,0.0039,0,0.014948
72.4,39.2,0.0037,0,0.014165
72.4,39.4,0.0032,0,0.012083
72.4,39.6,0.0025,0,0.009371
72.4,39.8,0.0018,0,0.0067
72.6,34.8,0.0002,0,0.00105
72.6,35.0,0.0006,0,0.002976
72.6,35.2,0.0014,0,0.007339
72.6,35.4,0.0032,0,0.015806
72.6,35.6,0.0062,0,0.029772
72.6,35.8,0.0105,0,0.049064
72.6,36.0,0.0158,0,0.070789
72.6,36.2,0.0206,0,0.089485
72.6,36.4,0.0237,0,0.099245
72.6,36.6,0.024,0,0.096771
72.6,36.8,0.0213,0,0.083264
72.6,37.0,0.0168,0,0.063604
72.6,37.2,0.0118,0,0.043586
72.6,37.4,0.0075,0,0.027287
72.6,37.6,0.0044,0,0.016158
72.6,37.8,0.0026,0,0.009728
72.6,38.0,0.0018,0,0.006858
72.6,38.2,0.0017,0,0.006412
72.6,38.4,0.002,0,0.007647
72.6,38.6,0.0025,0,0.009605
72.6,38.8,0.0029,0,0.011335
72.6,39.0,0.0032,0,0.01207
72.6,39.2,0.003,0,0.011489
72.6,39.4,0.0026,0,0.009822
72.6,39.6,0.0021,0,0.007628
72.6,39.8,0.0015,0,0.00546
72.8,34.8,0.0001,0,0.000518
72.8,35.0,0.0003,0,0.001554
72.8,35.2,0.0007,0,0.00385
72.8,35.4,0.0016,0,0.008317
72.8,35.6,0.0031,0,0.015723
72.8,35.8,0.0053,0,0.025967
72.8,36.0,0.0079,0,0.037541
72.8,36.2,0.0105,0,0.047547
72.8,36.4,0.0121,0,0.052821
72.8,36.6,0.0123,0,0.051586
72.8,36.8,0.011,0,0.044451
72.8,37.0,0.0087,0,0.034006
72.8,37.2,0.0061,0,0.023351
72.8,37.4,0.0039,0,0.014663
72.8,37.6,0.0023,0,0.008764
72.8,37.8,0.0014,0,0.005434
72.8,38.0,0.0011,0,0.00409
72.8,38.2,0.0011,0,0.004219
72.8,38.4,0.0014,0,0.005408
72.8,38.6,0.0018,0,0.007017
72.8,38.8,0.0022,0,0.008399
72.8,39.0,0.0024,0,0.008997
72.8,39.2,0.0023,0,0.008591
72.8,39.4,0.002,0,0.007359
72.8,39.6,0.0015,0,0.005723
72.8,39.8,0.0011,0,0.004099
73.0,35.0,0.0001,0,0.000746
73.0,35.2,0.0003,0,0.001917
73.0,35.4,0.0007,0,0.004153
73.0,35.6,0.0015,0,0.007874
73.0,35.8,0.0025,0,0.013027
73.0,36.0,0.0039,0,0.018857
73.0,36.2,0.0051,0,0.023922
73.0,36.4,0.0059,0,0.026601
73.0,36.6,0.0061,0,0.026001
73.0,36.8,0.0054,0,0.022417
73.0,37.0,0.0043,0,0.01715
73.0,37.2,0.003,0,0.011782
73.0,37.4,0.0019,0,0.007404
73.0,37.6,0.0012,0,0.004468
73.0,37.8,0.0007,0,0.002836
73.0,38.0,0.0006,0,0.002322
73.0,38.2,0.0007,0,0.002636
73.0,38.4,0.0009,0,0.003578
73.0,38.6,0.0012,0,0.004752
73.0,38.8,0.0015,0,0.005745
73.0,39.0,0.0016,0,0.006184
73.0,39.2,0.0016,0,0.00592
73.0,39.4,0.0013,0,0.005078
73.0,39.6,0.0011,0,0.003954
73.0,39.8,0.0008,0,0.002837
73.2,35.0,0.0001,0,0.000336
73.2,35.2,0.0001,0,0.000887
73.2,35.4,0.0003,0,0.001922
73.2,35.6,0.0006,0,0.003736
73.2,35.8,0.0011,0,0.006194
73.2,36.0,0.0017,0,0.008974
73.2,36.2,0.0023,0,0.011405
73.2,36.4,0.0027,0,0.012686
73.2,36.6,0.0028,0,0.012398
73.2,36.8,0.0025,0,0.010685
73.2,37.0,0.002,0,0.008158
73.2,37.2,0.0014,0,0.005599
73.2,37.4,0.0009,0,0.003467
73.2,37.6,0.0006,0,0.002114
73.2,37.8,0.0004,0,0.001395
73.2,38.0,0.0003,0,0.001242
73.2,38.2,0.0004,0,0.001558
73.2,38.4,0.0006,0,0.0022
73.2,38.6,0.0008,0,0.002974
73.2,38.8,0.0009,0,0.003626
73.2,39.0,0.001,0,0.003917
73.2,39.2,0.001,0,0.003759
73.2,39.4,0.0009,0,0.003228
73.2,39.6,0.0007,0,0.002519
73.2,39.8,0.0005,0,0.00181
73.4,35.4,0.0001,0,0.000842
73.4,35.6,0.0002,0,0.001653
73.4,35.8,0.0004,0,0.002752
73.4,36.0,0.0006,0,0.003987
73.4,36.2,0.0008,0,0.005145
73.4,36.4,0.001,0,0.005717
73.4,36.6,0.001,0,0.005588
73.4,36.8,0.0009,0,0.004809
73.4,37.0,0.0008,0,0.003619
73.4,37.2,0.0005,0,0.002476
73.4,37.4,0.0003,0,0.001522
73.4,37.6,0.0002,0,0.000935
73.4,37.8,0.0002,0,0.000637
73.4,38.0,0.0002,0,0.000629
73.4,38.2,0.0002,0,0.000857
73.4,38.4,0.0003,0,0.001253
73.4,38.6,0.0004,0,0.001721
73.4,38.8,0.0006,0,0.002109
73.4,39.0,0.0006,0,0.002286
73.4,39.2,0.0006,0,0.002196
73.4,39.4,0.0005,0,0.001892
73.4,39.6,0.0004,0,0.001478
73.4,39.8,0.0003,0,0.001064
73.6,35.6,0.0001,0,0.000692
73.6,35.8,0.0002,0,0.001151
73.6,36.0,0.0003,0,0.001669
73.6,36.2,0.0004,0,0.002174
73.6,36.4,0.0004,0,0.002416
73.6,36.6,0.0004,0,0.002356
73.6,36.8,0.0004,0,0.002023
73.6,37.0,0.0003,0,0.001505
73.6,37.2,0.0002,0,0.001026
73.6,37.4,0.0001,0,0.000605
73.6,37.6,0.0001,0,0.000379
73.6,37.8,0.0001,0,0.000276
73.6,38.0,0.0001,0,0.000305
73.6,38.2,0.0001,0,0.000438
73.6,38.4,0.0002,0,0.000661
73.6,38.6,0.0002,0,0.000918
73.6,38.8,0.0003,0,0.001129
73.6,39.0,0.0003,0,0.001226
73.6,39.2,0.0003,0,0.001183
73.6,39.4,0.0003,0,0.001021
73.6,39.6,0.0002,0,0.000799
73.6,39.8,0.0002,0,0.000576
73.8,35.8,0.0001,0,0.000439
73.8,36.0,0.0001,0,0.000635
73.8,36.2,0.0001,0,0.000863
73.8,36.4,0.0001,0,0.000957
73.8,36.6,0.0001,0,0.000935
73.8,36.8,0.0001,0,0.000801
73.8,37.0,0.0001,0,0.000573
73.8,37.2,0.0001,0,0.000388
73.8,38.2,0.0001,0,0.000206
73.8,38.4,0.0001,0,0.000322
73.8,38.6,0.0001,0,0.000451
73.8,38.8,0.0001,0,0.000556
73.8,39.0,0.0002,0,0.000607
73.8,39.2,0.0002,0,0.000587
73.8,39.4,0.0001,0,0.000508
73.8,39.6,0.0001,0,0.000398
73.8,39.8,0.0001,0,0.000288
74.0,36.4,0.0001,0,0.000346
74.0,36.6,0.0001,0,0.000338
74.0,38.6,0.0001,0,0.000203
74.0,38.8,0.0001,0,0.000253
74.0,39.0,0.0001,0,0.000277
74.0,39.2,0.0001,0,0.000268
74.0,39.4,0.0001,0,0.000232
93.0,7.2,0.0001,0,0.000177
93.0,7.4,0.0001,0,0.000236
93.0,7.6,0.0001,0,0.000282
93.0,7.8,0.0001,0,0.000297
93.0,8.0,0.0001,0,0.000274
93.0,8.2,0.0001,0,0.000223
93.0,8.4,0.0001,0,0.000159
93.2,6.8,0.0001,0,0.00024
93.2,7.0,0.0001,0,0.000356
93.2,7.2,0.0002,0,0.000502
93.2,7.4,0.0003,0,0.000658
93.2,7.6,0.0003,0,0.000779
93.2,7.8,0.0003,0,0.000819
93.2,8.0,0.0003,0,0.000758
93.2,8.2,0.0003,0,0.000615
93.2,8.4,0.0002,0,0.000435
93.2,8.6,0.0001,0,0.00027
93.2,8.8,0.0001,0,0.000146
93.4,6.4,0.0001,0,0.00031
93.4,6.6,0.0001,0,0.000455
93.4,6.8,0.0002,0,0.000653
93.4,7.0,0.0003,0,0.000924
93.4,7.2,0.0004,0,0.001264
93.4,7.4,0.0006,0,0.00162
93.4,7.6,0.0007,0,0.00189
93.4,7.8,0.0007,0,0.001974
93.4,8.0,0.0007,0,0.00182
93.4,8.2,0.0006,0,0.001474
93.4,8.4,0.0004,0,0.001044
93.4,8.6,0.0002,0,0.000644
93.4,8.8,0.0001,0,0.000348
93.4,9.0,0.0001,0,0.000164
93.6,6.0,0.0001,0,0.000348
93.6,6.2,0.0001,0,0.000561
93.6,6.4,0.0002,0,0.000832
93.6,6.6,0.0003,0,0.001166
93.6,6.8,0.0004,0,0.001587
93.6,7.0,0.0006,0,0.002134
93.6,7.2,0.0009,0,0.002805
93.6,7.4,0.0012,0,0.003504
93.6,7.6,0.0014,0,0.004031
93.6,7.8,0.0015,0,0.004171
93.6,8.0,0.0014,0,0.003827
93.6,8.2,0.0011,0,0.00309
93.6,8.4,0.0008,0,0.002185
93.6,8.6,0.0005,0,0.001351
93.6,8.8,0.0003,0,0.000728
93.6,9.0,0.0001,0,0.000343
93.6,9.2,0.0001,0,0.000141
93.8,5.8,0.0001,0,0.000505
93.8,6.0,0.0001,0,0.000881
93.8,6.2,0.0002,0,0.001386
93.8,6.4,0.0004,0,0.00199
93.8,6.6,0.0006,0,0.002672
93.8,6.8,0.0008,0,0.003454
93.8,7.0,0.0012,0,0.004399
93.8,7.2,0.0016,0,0.005525
93.8,7.4,0.0021,0,0.006685
93.8,7.6,0.0025,0,0.007543
93.8,7.8,0.0026,0,0.007723
93.8,8.0,0.0023,0,0.007047
93.8,8.2,0.0019,0,0.00567
93.8,8.4,0.0013,0,0.004003
93.8,8.6,0.0008,0,0.002472
93.8,8.8,0.0004,0,0.001331
93.8,9.0,0.0002,0,0.000627
93.8,9.2,0.0001,0,0.000257
94.0,5.4,0.0001,0,0.000281
94.0,5.6,0.0001,0,0.000606
94.0,5.8,0.0002,0,0.001159
94.0,6.0,0.0004,0,0.001982
94.0,6.2,0.0006,0,0.003043
94.0,6.4,0.0008,0,0.004244
94.0,6.6,0.0011,0,0.005478
94.0,6.8,0.0015,0,0.006736
94.0,7.0,0.0021,0,0.008113
94.0,7.2,0.0027,0,0.009683
94.0,7.4,0.0033,0,0.011278
94.0,7.6,0.0038,0,0.012423
94.0,7.8,0.0039,0,0.012545
94.0,8.0,0.0035,0,0.011362
94.0,8.2,0.0028,0,0.009108
94.0,8.4,0.002,0,0.006415
94.0,8.6,0.0012,0,0.003956
94.0,8.8,0.0007,0,0.002132
94.0,9.0,0.0003,0,0.001002
94.0,9.2,0.0001,0,0.000411
94.2,5.2,0.0001,0,0.000253
94.2,5.4,0.0001,0,0.000599
94.2,5.6,0.0002,0,0.001263
94.2,5.8,0.0005,0,0.002369
94.2,6.0,0.0008,0,0.003965
94.2,6.2,0.0011,0,0.005948
94.2,6.4,0.0016,0,0.008065
94.2,6.6,0.0021,0,0.010043
94.2,6.8,0.0027,0,0.01178
94.2,7.0,0.0033,0,0.013416
94.2,7.2,0.004,0,0.015146
94.2,7.4,0.0047,0,0.016871
94.2,7.6,0.0052,0,0.018036
94.2,7.8,0.0052,0,0.017896
94.2,8.0,0.0047,0,0.016054
94.2,8.2,0.0038,0,0.012804
94.2,8.4,0.0026,0,0.008994
94.2,8.6,0.0016,0,0.005539
94.2,8.8,0.0009,0,0.002983
94.2,9.0,0.0004,0,0.0014
94.2,9.2,0.0002,0,0.000575
94.2,9.4,0.0001,0,0.000206
94.4,5.2,0.0001,0,0.000487
94.4,5.4,0.0002,0,0.001133
94.4,5.6,0.0005,0,0.002343
94.4,5.8,0.0009,0,0.004308
94.4,6.0,0.0014,0,0.00706
94.4,6.2,0.0021,0,0.010352
94.4,6.4,0.0028,0,0.013669
94.4,6.6,0.0036,0,0.016463
94.4,6.8,0.0042,0,0.018481
94.4,7.0,0.0048,0,0.019928
94.4,7.2,0.0055,0,0.021215
94.4,7.4,0.006,0,0.02245
94.4,7.6,0.0063,0,0.02314
94.4,7.8,0.0062,0,0.022455
94.4,8.0,0.0055,0,0.019895
94.4,8.2,0.0043,0,0.015765
94.4,8.4,0.003,0,0.011039
94.4,8.6,0.0019,0,0.006785
94.4,8.8,0.001,0,0.00365
94.4,9.0,0.0005,0,0.001715
94.4,9.2,0.0002,0,0.000703
94.4,9.4,0.0001,0,0.000252
94.6,5.0,0.0001,0,0.000321
94.6,5.2,0.0002,0,0.000831
94.6,5.4,0.0004,0,0.001904
94.6,5.6,0.0008,0,0.003868
94.6,5.8,0.0015,0,0.006975
94.6,6.0,0.0024,0,0.011198
94.6,6.2,0.0035,0,0.016056
94.6,6.4,0.0045,0,0.020668
94.6,6.6,0.0054,0,0.024129
94.6,6.8,0.0061,0,0.026011
94.6,7.0,0.0065,0,0.026621
94.6,7.2,0.0068,0,0.026686
94.6,7.4,0.007,0,0.026673
94.6,7.6,0.0069,0,0.026314
94.6,7.8,0.0065,1,0.024826
94.6,8.0,0.0056,0,0.021647
94.6,8.2,0.0044,0,0.017008
94.6,8.4,0.0031,0,0.011857
94.6,8.6,0.0019,0,0.007271
94.6,8.8,0.001,0,0.003907
94.6,9.0,0.0005,0,0.001835
94.6,9.2,0.0002,0,0.000751
94.6,9.4,0.0001,0,0.000269
94.8,5.0,0.0001,0,0.000491
94.8,5.2,0.0003,0,0.001257
94.8,5.4,0.0007,0,0.002838
94.8,5.6,0.0013,0,0.005673
94.8,5.8,0.0023,0,0.010048
94.8,6.0,0.0036,0,0.015818
94.8,6.2,0.005,0,0.022196
94.8,6.4,0.0064,0,0.027886
94.8,6.6,0.0074,0,0.031621
94.8,6.8,0.008,0,0.03284
94.8,7.0,0.008,0,0.032006
94.8,7.2,0.0078,0,0.030225
94.8,7.4,0.0074,0,0.028402
94.8,7.6,0.0069,0,0.026615
94.8,7.8,0.0061,0,0.024245
94.8,8.0,0.0052,0,0.020707
94.8,8.2,0.004,0,0.016088
94.8,8.4,0.0027,0,0.011152
94.8,8.6,0.0016,0,0.006821
94.8,8.8,0.0009,0,0.003659
94.8,9.0,0.0004,0,0.001717
94.8,9.2,0.0002,0,0.000703
94.8,9.4,0.0001,0,0.000252
95.0,4.8,0.0001,0,0.00023
95.0,5.0,0.0002,0,0.000663
95.0,5.2,0.0004,0,0.001679
95.0,5.4,0.0009,0,0.003746
95.0,5.6,0.0017,0,0.007381
95.0,5.8,0.003,0,0.012865
95.0,6.0,0.0047,0,0.019887
95.0,6.2,0.0065,0,0.027343
95.0,6.4,0.008,0,0.033572
95.0,6.6,0.0091,0,0.03705
95.0,6.8,0.0094,1,0.037184
95.0,7.0,0.009,0,0.034642
95.0,7.2,0.0082,0,0.030882
95.0,7.4,0.0072,0,0.027209
95.0,7.6,0.0062,0,0.024043
95.0,7.8,0.0052,0,0.020978
95.0,8.0,0.0042,0,0.017447
95.0,8.2,0.0031,0,0.013358
95.0,8.4,0.0021,0,0.009189
95.0,8.6,0.0013,0,0.005599
95.0,8.8,0.0007,0,0.002998
95.0,9.0,0.0003,0,0.001406
95.0,9.2,0.0001,0,0.000575
95.2,4.8,0.0001,0,0.000275
95.2,5.0,0.0002,0,0.000788
95.2,5.2,0.0005,0,0.001979
95.2,5.4,0.0011,0,0.00437
95.2,5.6,0.0021,0,0.008506
95.2,5.8,0.0036,0,0.014615
95.2,6.0,0.0054,0,0.022224
95.2,6.2,0.0074,0,0.029992
95.2,6.4,0.009,0,0.036047
95.2,6.6,0.0099,0,0.038795
95.2,6.8,0.0099,0,0.03774
95.2,7.0,0.0091,0,0.033746
95.2,7.2,0.0078,0,0.0285
95.2,7.4,0.0064,0,0.02353
95.2,7.6,0.0051,0,0.019486
95.2,7.8,0.004,0,0.016144
95.2,8.0,0.0031,0,0.012979
95.2,8.2,0.0022,0,0.009748
95.2,8.4,0.0015,0,0.006638
95.2,8.6,0.0009,0,0.004025
95.2,8.8,0.0005,0,0.002149
95.2,9.0,0.0002,0,0.001007
95.2,9.2,0.0001,0,0.000411
95.4,4.8,0.0001,0,0.000289
95.4,5.0,0.0002,0,0.000823
95.4,5.2,0.0005,0,0.002053
95.4,5.4,0.0011,0,0.004497
95.4,5.6,0.0022,0,0.008661
95.4,5.8,0.0037,0,0.014704
95.4,6.0,0.0055,0,0.022041
95.4,6.2,0.0074,0,0.029253
95.4,6.4,0.0088,1,0.034484
95.4,6.6,0.0095,0,0.036273
95.4,6.8,0.0093,0,0.034306
95.4,7.0,0.0083,0,0.029566
95.4,7.2,0.0068,0,0.023764
95.4,7.4,0.0053,0,0.018418
95.4,7.6,0.0039,0,0.014235
95.4,7.8,0.0028,0,0.011101
95.4,8.0,0.002,0,0.008553
95.4,8.2,0.0014,0,0.006263
95.4,8.4,0.0009,0,0.004208
95.4,8.6,0.0005,0,0.002534
95.4,8.8,0.0003,0,0.001348
95.4,9.0,0.0001,0,0.000631
95.4,9.2,0.0001,0,0.000257
95.6,4.8,0.0001,0,0.000266
95.6,5.0,0.0002,0,0.000755
95.6,5.2,0.0005,0,0.001873
95.6,5.4,0.001,0,0.004074
95.6,5.6,0.002,0,0.007782
95.6,5.8,0.0033,0,0.013077
95.6,6.0,0.0049,0,0.019364
95.6,6.2,0.0065,0,0.025328
95.6,6.4,0.0077,0,0.029348
95.6,6.6,0.0082,0,0.030246
95.6,6.8,0.0078,0,0.027894
95.6,7.0,0.0067,0,0.023268
95.6,7.2,0.0053,0,0.017891
95.6,7.4,0.0039,0,0.013069
95.6,7.6,0.0027,0,0.009414
95.6,7.8,0.0018,0,0.006856
95.6,8.0,0.0012,0,0.005013
95.6,8.2,0.0008,0,0.003552
95.6,8.4,0.0005,0,0.002344
95.6,8.6,0.0003,0,0.001399
95.6,8.8,0.0001,0,0.000741
95.6,9.0,0.0001,0,0.000346
95.8,4.8,0.0001,0,0.000215
95.8,5.0,0.0002,0,0.000607
95.8,5.2,0.0004,0,0.0015
95.8,5.4,0.0008,0,0.003245
95.8,5.6,0.0016,0,0.006157
95.8,5.8,0.0026,0,0.010258
95.8,6.0,0.0039,0,0.015039
95.8,6.2,0.0051,0,0.019428
95.8,6.4,0.0059,0,0.02218
95.8,6.6,0.0062,0,0.022453
95.8,6.8,0.0058,0,0.020254
95.8,7.0,0.0049,0,0.01642
95.8,7.2,0.0037,0,0.012144
95.8,7.4,0.0026,0,0.008408
95.8,7.6,0.0017,0,0.005654
95.8,7.8,0.0011,0,0.003825
95.8,8.0,0.0007,0,0.002627
95.8,8.2,0.0004,0,0.001784
95.8,8.4,0.0002,0,0.001149
95.8,8.6,0.0001,0,0.000677
95.8,8.8,0.0001,0,0.000356
96.0,5.0,0.0001,0,0.000428
96.0,5.2,0.0003,0,0.001053
96.0,5.4,0.0006,0,0.002269
96.0,5.6,0.0011,0,0.004283
96.0,5.8,0.0018,0,0.007089
96.0,6.0,0.0027,0,0.010305
96.0,6.2,0.0035,0,0.013177
96.0,6.4,0.004,0,0.014856
96.0,6.6,0.0041,0,0.014809
96.0,6.8,0.0038,0,0.013107
96.0,7.0,0.0031,0,0.010368
96.0,7.2,0.0023,0,0.007417
96.0,7.4,0.0016,0,0.004899
96.0,7.6,0.001,0,0.00309
96.0,7.8,0.0006,0,0.001937
96.0,8.0,0.0003,0,0.001238
96.0,8.2,0.0002,0,0.000797
96.0,8.4,0.0001,0,0.000497
96.0,8.6,0.0001,0,0.000288
96.2,5.0,0.0001,0,0.000264
96.2,5.2,0.0002,0,0.000648
96.2,5.4,0.0004,0,0.001392
96.2,5.6,0.0007,0,0.002616
96.2,5.8,0.0011,0,0.004308
96.2,6.0,0.0016,0,0.006219
96.2,6.2,0.0021,0,0.007887
96.2,6.4,0.0024,0,0.008799
96.2,6.6,0.0024,0,0.008659
96.2,6.8,0.0022,0,0.007541
96.2,7.0,0.0018,0,0.005843
96.2,7.2,0.0013,0,0.004064
96.2,7.4,0.0009,0,0.002579
96.2,7.6,0.0005,0,0.001536
96.2,7.8,0.0003,0,0.000894
96.2,8.0,0.0002,0,0.000528
96.2,8.2,0.0001,0,0.000319
96.4,5.2,0.0001,0,0.000349
96.4,5.4,0.0002,0,0.000748
96.4,5.6,0.0004,0,0.001402
96.4,5.8,0.0006,0,0.002298
96.4,6.0,0.0009,0,0.003301
96.4,6.2,0.0011,0,0.004157
96.4,6.4,0.0013,0,0.0046
96.4,6.6,0.0013,0,0.004479
96.4,6.8,0.0011,0,0.003849
96.4,7.0,0.0009,0,0.002931
96.4,7.2,0.0006,0,0.001991
96.4,7.4,0.0004,0,0.001222
96.4,7.6,0.0002,0,0.000693
96.4,7.8,0.0001,0,0.000377
96.4,8.0,0.0001,0,0.000205
96.6,5.4,0.0001,0,0.000352
96.6,5.6,0.0002,0,0.000658
96.6,5.8,0.0003,0,0.001076
96.6,6.0,0.0004,0,0.001538
96.6,6.2,0.0005,0,0.001927
96.6,6.4,0.0006,0,0.002118
96.6,6.6,0.0006,0,0.002043
96.6,6.8,0.0005,0,0.001738
96.6,7.0,0.0004,0,0.001305
96.6,7.2,0.0003,0,0.00087
96.6,7.4,0.0002,0,0.00052
96.6,7.6,0.0001,0,0.000283
96.6,7.8,0.0001,0,0.000145
96.8,5.6,0.0001,0,0.000271
96.8,5.8,0.0001,0,0.000441
96.8,6.0,0.0002,0,0.000629
96.8,6.2,0.0002,0,0.000785
96.8,6.4,0.0002,0,0.000858
96.8,6.6,0.0002,0,0.000822
96.8,6.8,0.0002,0,0.000692
96.8,7.0,0.0002,0,0.000513
96.8,7.2,0.0001,0,0.000338
96.8,7.4,0.0001,0,0.000198
97.0,6.0,0.0001,0,0.000225
97.0,6.2,0.0001,0,0.00028
97.0,6.4,0.0001,0,0.000305
97.0,6.6,0.0001,0,0.000291
97.0,6.8,0.0001,0,0.000243
97.0,7.0,0.0001,0,0.000179
97.4,2.6,0.0001,0,0.000277
97.4,2.8,0.0001,0,0.000401
97.4,3.0,0.0001,0,0.000528
97.4,3.2,0.0001,0,0.000631
97.4,3.4,0.0001,0,0.000686
97.4,3.6,0.0001,0,0.00068
97.4,3.8,0.0001,0,0.000619
97.4,4.0,0.0001,0,0.00052
97.4,4.2,0.0001,0,0.000402
97.4,4.4,0.0001,0,0.000285
97.6,2.4,0.0001,0,0.000491
97.6,2.6,0.0002,0,0.000772
97.6,2.8,0.0002,0,0.001116
97.6,3.0,0.0003,0,0.00147
97.6,3.2,0.0004,0,0.001757
97.6,3.4,0.0004,0,0.001907
97.6,3.6,0.0004,0,0.001891
97.6,3.8,0.0004,0,0.001721
97.6,4.0,0.0003,0,0.001445
97.6,4.2,0.0003,0,0.001118
97.6,4.4,0.0002,0,0.000792
97.6,4.6,0.0001,0,0.00051
97.6,4.8,0.0001,0,0.000295
97.8,2.6,0.0004,0,0.001876
97.8,2.8,0.0006,0,0.002711
97.8,3.0,0.0008,0,0.003569
97.8,3.2,0.001,0,0.004265
97.8,3.4,0.001,0,0.00463
97.8,3.6,0.001,0,0.004588
97.8,3.8,0.001,0,0.004176
97.8,4.0,0.0008,0,0.003505
97.8,4.2,0.0006,0,0.00271
97.8,4.4,0.0005,0,0.001921
97.8,4.6,0.0003,0,0.001236
97.8,4.8,0.0002,0,0.000715
97.8,5.0,0.0001,0,0.000374
97.8,5.2,0.0001,0,0.000175
98.0,2.6,0.0009,0,0.003975
98.0,2.8,0.0013,0,0.005743
98.0,3.0,0.0017,0,0.007562
98.0,3.2,0.0021,0,0.009034
98.0,3.4,0.0022,0,0.009805
98.0,3.6,0.0022,0,0.009714
98.0,3.8,0.0021,0,0.008839
98.0,4.0,0.0018,0,0.007417
98.0,4.2,0.0014,0,0.005734
98.0,4.4,0.001,0,0.004063
98.0,4.6,0.0007,0,0.002617
98.0,4.8,0.0004,0,0.00152
98.0,5.0,0.0002,0,0.000797
98.0,5.2,0.0001,0,0.000387
98.0,5.4,0.0001,0,0.000191
98.0,5.6,0.0001,0,0.000118
98.0,5.8,0.0001,0,9.9e-05
98.0,6.0,0.0001,0,9.4e-05
98.0,6.2,0.0001,0,8.4e-05
98.2,2.8,0.0025,0,0.010616
98.2,3.0,0.0033,0,0.013976
98.2,3.2,0.0039,0,0.016695
98.2,3.4,0.0042,0,0.018116
98.2,3.6,0.0042,0,0.017945
98.2,3.8,0.0039,0,0.016326
98.2,4.0,0.0033,0,0.013696
98.2,4.2,0.0026,0,0.010587
98.2,4.4,0.0019,0,0.007502
98.2,4.6,0.0012,0,0.004834
98.2,4.8,0.0007,0,0.002815
98.2,5.0,0.0004,0,0.001491
98.2,5.2,0.0003,0,0.000753
98.2,5.4,0.0002,0,0.000416
98.2,5.6,0.0002,0,0.000307
98.2,5.8,0.0002,0,0.000294
98.2,6.0,0.0002,0,0.000292
98.2,6.2,0.0002,0,0.000266
98.2,6.4,0.0001,0,0.000217
98.2,6.6,0.0001,0,0.000154
98.2,6.8,0.0001,0,9.6e-05
98.4,2.8,0.0042,0,0.017119
98.4,3.0,0.0054,0,0.022534
98.4,3.2,0.0065,0,0.026916
98.4,3.4,0.007,0,0.029203
98.4,3.6,0.007,0,0.028923
98.4,3.8,0.0064,0,0.02631
98.4,4.0,0.0054,0,0.022068
98.4,4.2,0.0042,0,0.01706
98.4,4.4,0.0031,0,0.012089
98.4,4.6,0.002,0,0.007796
98.4,4.8,0.0012,0,0.004561
98.4,5.0,0.0007,0,0.00246
98.4,5.2,0.0005,0,0.001321
98.4,5.4,0.0005,0,0.000849
98.4,5.6,0.0005,0,0.000746
98.4,5.8,0.0005,0,0.000779
98.4,6.0,0.0005,0,0.000798
98.4,6.2,0.0005,0,0.000737
98.4,6.4,0.0003,0,0.000598
98.4,6.6,0.0002,0,0.000425
98.4,6.8,0.0001,0,0.000264
98.6,2.8,0.006,0,0.024083
98.6,3.0,0.0079,0,0.031699
98.6,3.2,0.0093,0,0.03786
98.6,3.4,0.0101,0,0.041073
98.6,3.6,0.0101,0,0.040675
98.6,3.8,0.0092,0,0.036996
98.6,4.0,0.0078,0,0.031028
98.6,4.2,0.0061,0,0.023986
98.6,4.4,0.0044,0,0.017003
98.6,4.6,0.0029,0,0.010985
98.6,4.8,0.0018,0,0.006477
98.6,5.0,0.0011,0,0.003599
98.6,5.2,0.0009,0,0.00212
98.6,5.4,0.001,0,0.00162
98.6,5.6,0.0011,0,0.001649
98.6,5.8,0.0012,0,0.001832
98.6,6.0,0.0012,0,0.001911
98.6,6.2,0.0011,0,0.001774
98.6,6.4,0.0008,0,0.001442
98.6,6.6,0.0005,0,0.001024
98.8,3.0,0.01,0,0.038901
98.8,3.2,0.0118,0,0.046459
98.8,3.4,0.0128,0,0.0504
98.8,3.6,0.0127,0,0.049908
98.8,3.8,0.0116,0,0.045392
98.8,4.0,0.0098,0,0.038071
98.8,4.2,0.0076,0,0.029432
98.8,4.4,0.0055,0,0.020878
98.8,4.6,0.0036,0,0.013533
98.8,4.8,0.0023,0,0.008086
98.8,5.0,0.0017,0,0.004715
98.8,5.2,0.0016,0,0.003158
98.8,5.4,0.0018,0,0.002887
98.8,5.6,0.0022,0,0.00329
98.8,5.8,0.0025,0,0.003803
98.8,6.0,0.0025,0,0.00401
98.8,6.2,0.0021,0,0.00373
99.0,3.0,0.0111,0,0.04165
99.0,3.2,0.0132,1,0.049742
99.0,3.4,0.0143,1,0.053959
99.0,3.6,0.0142,0,0.053432
99.0,3.8,0.0129,0,0.048595
99.0,4.0,0.0109,1,0.040761
99.0,4.2,0.0084,0,0.03152
99.0,4.4,0.006,0,0.022388
99.0,4.6,0.0041,0,0.014594
99.0,4.8,0.0028,0,0.008917
99.0,5.0,0.0023,0,0.005602
99.0,5.2,0.0025,0,0.004407
99.0,5.4,0.0031,0,0.004748
99.0,5.6,0.0039,0,0.005855
99.0,5.8,0.0044,0,0.006935
99.0,6.0,0.0044,0,0.007359
99.2,3.0,0.011,0,0.038908
99.2,3.2,0.0132,0,0.046468
99.2,3.4,0.0142,0,0.050409
99.2,3.6,0.0141,0,0.049918
99.2,3.8,0.0128,0,0.045403
99.2,4.0,0.0107,0,0.038086
99.2,4.2,0.0083,0,0.029468
99.2,4.4,0.006,0,0.02098
99.2,4.6,0.0041,0,0.013808
99.2,4.8,0.0031,0,0.008752
99.2,5.0,0.0029,0,0.006127
99.2,5.2,0.0036,0,0.005769
99.2,5.4,0.0049,0,0.007102
99.2,5.6,0.0062,0,0.009224
99.4,3.2,0.0117,0,0.037889
99.4,3.4,0.0127,0,0.041104
99.4,3.6,0.0125,0,0.040706
99.4,3.8,0.0114,0,0.037029
99.4,4.0,0.0095,0,0.03107
99.4,4.2,0.0073,0,0.024062
99.4,4.4,0.0053,0,0.0172
99.4,4.6,0.0038,0,0.011507
99.4,4.8,0.0032,0,0.00773
99.4,5.0,0.0036,0,0.006252
99.4,5.2,0.0049,0,0.007028
99.4,5.4,0.0069,0,0.009541
99.6,3.2,0.0096,0,0.026988
99.6,3.4,0.0103,0,0.029281
99.6,3.6,0.0102,0,0.029
99.6,3.8,0.0092,0,0.026385
99.6,4.0,0.0077,0,0.022149
99.6,4.2,0.0059,0,0.017182
99.6,4.4,0.0044,0,0.012366
99.6,4.6,0.0034,0,0.008501
99.6,4.8,0.0032,0,0.006237
99.6,5.0,0.0042,0,0.005998
99.6,5.2,0.0062,0,0.007863
99.8,3.4,0.0078,0,0.018259
99.8,3.6,0.0077,0,0.018087
99.8,3.8,0.0069,0,0.016461
99.8,4.0,0.0057,0,0.013828
99.8,4.2,0.0045,0,0.010757
99.8,4.4,0.0034,0,0.007833
99.8,4.6,0.0028,0,0.005627
99.8,4.8,0.0032,0,0.004675
100.0,3.4,0.0055,0,0.01001
100.0,3.6,0.0054,0,0.009917
100.0,3.8,0.0049,0,0.00903
100.0,4.0,0.004,0,0.007595
100.0,4.2,0.0032,0,0.005936
100.0,4.4,0.0025,0,0.004407
100.0,4.6,0.0024,0,0.003393
